Brand,Division,SKU,Description,Size,Color,Product Category/Series,Silhouette/Product Type,Channel Class,Department,Class,Sub Class,Heel Height,Season,Old Season,Gender,Width,Case Material,Band,Movement Type,Movement Name,HS Code,UOM,Currency,FOB,Unit Cost,Unit Price,Sale Tax Rate,Additional Sales Tax,Discount Start Date,Discount End Date,Discount %,BarCode,Launch Date
IVAR,SUMMER COLLECTION,O/STSHIRT,IVAR® OVERSIZED TSHIRT,XX-LARGE,CHOCOLATE BROWN,SUMMER COLLECTION,N/A,N/A,N/A,N/A,N/A,N/A,SUMMER,N/A,N/A,N/A,N/A,N/A,N/A,N/A,6109.9090,NOS,PKR,0,0,1950,18,0,,,,106469,
IVAR,SUMMER COLLECTION,IVRSTSRT,IVAR® RESORT SHORTS,34,NAVY,SUMMER COLLECTION,,,,,,,SUMMER,,,,,,,,6203.4110,NOS,PKR,,,2500,18,0,,,,106467,
IVAR,SUMMER COLLECTION,IVBRZCBNCLRST,IVAR® BREEZE CUBAN COLLAR SHIRT,XX-LARGE,BLACK,SUMMER COLLECTION,,,,,,,SUMMER,,,,,,,,6205.3000,NOS,PKR,,,3250,18,0,,,,106465,
IVAR,SUMMER COLLECTION,IVBRZCBNCLRST,IVAR® BREEZE CUBAN COLLAR SHIRT,X-LARGE,BLACK,SUMMER COLLECTION,,,,,,,SUMMER,,,,,,,,6205.3000,NOS,PKR,,,3250,18,0,,,,106464,
IVAR,SUMMER COLLECTION,IVBRZCBNCLRST,IVAR® BREEZE CUBAN COLLAR SHIRT,LARGE,BLACK,SUMMER COLLECTION,,,,,,,SUMMER,,,,,,,,6205.3000,NOS,PKR,,,3250,18,0,,,,106463,
IVAR,SUMMER COLLECTION,IVBRZCBNCLRST,IVAR® BREEZE CUBAN COLLAR SHIRT,MEDIUM,BLACK,SUMMER COLLECTION,,,,,,,SUMMER,,,,,,,,6205.3000,NOS,PKR,,,3250,18,0,,,,106462,
IVAR,SUMMER COLLECTION,IVBRZCBNCLRST,IVAR® BREEZE CUBAN COLLAR SHIRT,SMALL,BLACK,SUMMER COLLECTION,,,,,,,SUMMER,,,,,,,,6205.3000,NOS,PKR,,,3250,18,0,,,,106461,
IVAR,SUMMER COLLECTION,IVBRZCBNCLRST,IVAR® BREEZE CUBAN COLLAR SHIRT,XX-LARGE,BROWN,SUMMER COLLECTION,,,,,,,SUMMER,,,,,,,,6205.3000,NOS,PKR,,,3250,18,0,,,,106460,
IVAR,SUMMER COLLECTION,IVBRZCBNCLRST,IVAR® BREEZE CUBAN COLLAR SHIRT,X-LARGE,BROWN,SUMMER COLLECTION,,,,,,,SUMMER,,,,,,,,6205.3000,NOS,PKR,,,3250,18,0,,,,106459,
IVAR,SUMMER COLLECTION,IVBRZCBNCLRST,IVAR® BREEZE CUBAN COLLAR SHIRT,LARGE,BROWN,SUMMER COLLECTION,,,,,,,SUMMER,,,,,,,,6205.3000,NOS,PKR,,,3250,18,0,,,,106458,
IVAR,SUMMER COLLECTION,IVBRZCBNCLRST,IVAR® BREEZE CUBAN COLLAR SHIRT,MEDIUM,BROWN,SUMMER COLLECTION,,,,,,,SUMMER,,,,,,,,6205.3000,NOS,PKR,,,3250,18,0,,,,106457,
IVAR,SUMMER COLLECTION,IVBRZCBNCLRST,IVAR® BREEZE CUBAN COLLAR SHIRT,SMALL,BROWN,SUMMER COLLECTION,,,,,,,SUMMER,,,,,,,,6205.3000,NOS,PKR,,,3250,18,0,,,,106456,
IVAR,SUMMER COLLECTION,IVBRZCBNCLRST,IVAR® BREEZE CUBAN COLLAR SHIRT,XX-LARGE,CREAM,SUMMER COLLECTION,,,,,,,SUMMER,,,,,,,,6205.3000,NOS,PKR,,,3250,18,0,,,,106455,
IVAR,SUMMER COLLECTION,IVBRZCBNCLRST,IVAR® BREEZE CUBAN COLLAR SHIRT,X-LARGE,CREAM,SUMMER COLLECTION,,,,,,,SUMMER,,,,,,,,6205.3000,NOS,PKR,,,3250,18,0,,,,106454,
IVAR,SUMMER COLLECTION,IVBRZCBNCLRST,IVAR® BREEZE CUBAN COLLAR SHIRT,LARGE,CREAM,SUMMER COLLECTION,,,,,,,SUMMER,,,,,,,,6205.3000,NOS,PKR,,,3250,18,0,,,,106453,
IVAR,SUMMER COLLECTION,IVBRZCBNCLRST,IVAR® BREEZE CUBAN COLLAR SHIRT,MEDIUM,CREAM,SUMMER COLLECTION,,,,,,,SUMMER,,,,,,,,6205.3000,NOS,PKR,,,3250,18,0,,,,106452,
IVAR,SUMMER COLLECTION,IVBRZCBNCLRST,IVAR® BREEZE CUBAN COLLAR SHIRT,SMALL,CREAM,SUMMER COLLECTION,,,,,,,SUMMER,,,,,,,,6205.3000,NOS,PKR,,,3250,18,0,,,,106451,
IVAR,SUMMER COLLECTION,IVDRPNEDLZIPRHA,IVAR® DROP NEEDLE ZIPPER HANLEY,XX-LARGE,BLACK,SUMMER COLLECTION,,,,,,,SUMMER,,,,,,,,6105.9000,NOS,PKR,,,2350,18,0,,,,106450,
IVAR,SUMMER COLLECTION,IVDRPNEDLZIPRHA,IVAR® DROP NEEDLE ZIPPER HANLEY,X-LARGE,BLACK,SUMMER COLLECTION,,,,,,,SUMMER,,,,,,,,6105.9000,NOS,PKR,,,2350,18,0,,,,106449,
IVAR,SUMMER COLLECTION,IVDRPNEDLZIPRHA,IVAR® DROP NEEDLE ZIPPER HANLEY,LARGE,BLACK,SUMMER COLLECTION,,,,,,,SUMMER,,,,,,,,6105.9000,NOS,PKR,,,2350,18,0,,,,106448,
IVAR,SUMMER COLLECTION,IVDRPNEDLZIPRHA,IVAR® DROP NEEDLE ZIPPER HANLEY,MEDIUM,BLACK,SUMMER COLLECTION,,,,,,,SUMMER,,,,,,,,6105.9000,NOS,PKR,,,2350,18,0,,,,106447,
IVAR,SUMMER COLLECTION,IVDRPNEDLZIPRHA,IVAR® DROP NEEDLE ZIPPER HANLEY,SMALL,BLACK,SUMMER COLLECTION,,,,,,,SUMMER,,,,,,,,6105.9000,NOS,PKR,,,2350,18,0,,,,106446,
IVAR,SUMMER COLLECTION,IVDRPNEDLZIPRHA,IVAR® DROP NEEDLE ZIPPER HANLEY,XX-LARGE,BROWN,SUMMER COLLECTION,,,,,,,SUMMER,,,,,,,,6105.9000,NOS,PKR,,,2350,18,0,,,,106445,
IVAR,SUMMER COLLECTION,IVDRPNEDLZIPRHA,IVAR® DROP NEEDLE ZIPPER HANLEY,X-LARGE,BROWN,SUMMER COLLECTION,,,,,,,SUMMER,,,,,,,,6105.9000,NOS,PKR,,,2350,18,0,,,,106444,
IVAR,SUMMER COLLECTION,IVDRPNEDLZIPRHA,IVAR® DROP NEEDLE ZIPPER HANLEY,LARGE,BROWN,SUMMER COLLECTION,,,,,,,SUMMER,,,,,,,,6105.9000,NOS,PKR,,,2350,18,0,,,,106443,
IVAR,SUMMER COLLECTION,IVDRPNEDLZIPRHA,IVAR® DROP NEEDLE ZIPPER HANLEY,MEDIUM,BROWN,SUMMER COLLECTION,,,,,,,SUMMER,,,,,,,,6105.9000,NOS,PKR,,,2350,18,0,,,,106442,
IVAR,SUMMER COLLECTION,IVDRPNEDLZIPRHA,IVAR® DROP NEEDLE ZIPPER HANLEY,SMALL,BROWN,SUMMER COLLECTION,,,,,,,SUMMER,,,,,,,,6105.9000,NOS,PKR,,,2350,18,0,,,,106441,
IVAR,SUMMER COLLECTION,IVDRPNEDLZIPRHA,IVAR® DROP NEEDLE ZIPPER HANLEY,XX-LARGE,NAVY,SUMMER COLLECTION,,,,,,,SUMMER,,,,,,,,6105.9000,NOS,PKR,,,2350,18,0,,,,106440,
IVAR,SUMMER COLLECTION,IVDRPNEDLZIPRHA,IVAR® DROP NEEDLE ZIPPER HANLEY,X-LARGE,NAVY,SUMMER COLLECTION,,,,,,,SUMMER,,,,,,,,6105.9000,NOS,PKR,,,2350,18,0,,,,106439,
IVAR,SUMMER COLLECTION,IVDRPNEDLZIPRHA,IVAR® DROP NEEDLE ZIPPER HANLEY,LARGE,NAVY,SUMMER COLLECTION,,,,,,,SUMMER,,,,,,,,6105.9000,NOS,PKR,,,2350,18,0,,,,106438,
IVAR,SUMMER COLLECTION,IVDRPNEDLZIPRHA,IVAR® DROP NEEDLE ZIPPER HANLEY,MEDIUM,NAVY,SUMMER COLLECTION,,,,,,,SUMMER,,,,,,,,6105.9000,NOS,PKR,,,2350,18,0,,,,106437,
IVAR,SUMMER COLLECTION,IVDRPNEDLZIPRHA,IVAR® DROP NEEDLE ZIPPER HANLEY,SMALL,NAVY,SUMMER COLLECTION,,,,,,,SUMMER,,,,,,,,6105.9000,NOS,PKR,,,2350,18,0,,,,106436,
IVAR,SUMMER COLLECTION,IVDRPNEDLZIPRHA,IVAR® DROP NEEDLE ZIPPER HANLEY,XX-LARGE,OFF WHITE,SUMMER COLLECTION,,,,,,,SUMMER,,,,,,,,6105.9000,NOS,PKR,,,2350,18,0,,,,106435,
IVAR,SUMMER COLLECTION,IVDRPNEDLZIPRHA,IVAR® DROP NEEDLE ZIPPER HANLEY,X-LARGE,OFF WHITE,SUMMER COLLECTION,,,,,,,SUMMER,,,,,,,,6105.9000,NOS,PKR,,,2350,18,0,,,,106434,
IVAR,SUMMER COLLECTION,IVDRPNEDLZIPRHA,IVAR® DROP NEEDLE ZIPPER HANLEY,LARGE,OFF WHITE,SUMMER COLLECTION,,,,,,,SUMMER,,,,,,,,6105.9000,NOS,PKR,,,2350,18,0,,,,106433,
IVAR,SUMMER COLLECTION,IVDRPNEDLZIPRHA,IVAR® DROP NEEDLE ZIPPER HANLEY,MEDIUM,OFF WHITE,SUMMER COLLECTION,,,,,,,SUMMER,,,,,,,,6105.9000,NOS,PKR,,,2350,18,0,,,,106432,
IVAR,SUMMER COLLECTION,IVDRPNEDLZIPRHA,IVAR® DROP NEEDLE ZIPPER HANLEY,SMALL,OFF WHITE,SUMMER COLLECTION,,,,,,,SUMMER,,,,,,,,6105.9000,NOS,PKR,,,2350,18,0,,,,106431,
IVAR,FOOTWEAR,IVUBNPNYLOF,IVAR® URBAN PENNY LOAFERS,44,BROWN,FOOTWEAR,,,,,,,SUMMER,,,,,,,,-,NOS,PKR,,,3750,18,0,,,,106430,
IVAR,FOOTWEAR,IVUBNPNYLOF,IVAR® URBAN PENNY LOAFERS,43,BROWN,FOOTWEAR,,,,,,,SUMMER,,,,,,,,-,NOS,PKR,,,3750,18,0,,,,106429,
IVAR,FOOTWEAR,IVUBNPNYLOF,IVAR® URBAN PENNY LOAFERS,42,BROWN,FOOTWEAR,,,,,,,SUMMER,,,,,,,,-,NOS,PKR,,,3750,18,0,,,,106428,
IVAR,FOOTWEAR,IVUBNPNYLOF,IVAR® URBAN PENNY LOAFERS,41,BROWN,FOOTWEAR,,,,,,,SUMMER,,,,,,,,-,NOS,PKR,,,3750,18,0,,,,106427,
IVAR,FOOTWEAR,IVUBNPNYLOF,IVAR® URBAN PENNY LOAFERS,40,BROWN,FOOTWEAR,,,,,,,SUMMER,,,,,,,,-,NOS,PKR,,,3750,18,0,,,,106426,
IVAR,FOOTWEAR,IVUBNPNYLOF,IVAR® URBAN PENNY LOAFERS,39,BROWN,FOOTWEAR,,,,,,,SUMMER,,,,,,,,-,NOS,PKR,,,3750,18,0,,,,106425,
IVAR,FOOTWEAR,IVJUTELOF,IVAR® JUTE LOAFERS,44,JUTE,FOOTWEAR,,,,,,,SUMMER,,,,,,,,-,NOS,PKR,,,3750,18,0,,,,106424,
IVAR,FOOTWEAR,IVJUTELOF,IVAR® JUTE LOAFERS,43,JUTE,FOOTWEAR,,,,,,,SUMMER,,,,,,,,-,NOS,PKR,,,3750,18,0,,,,106423,
IVAR,FOOTWEAR,IVJUTELOF,IVAR® JUTE LOAFERS,42,JUTE,FOOTWEAR,,,,,,,SUMMER,,,,,,,,-,NOS,PKR,,,3750,18,0,,,,106422,
IVAR,FOOTWEAR,IVJUTELOF,IVAR® JUTE LOAFERS,41,JUTE,FOOTWEAR,,,,,,,SUMMER,,,,,,,,-,NOS,PKR,,,3750,18,0,,,,106421,
IVAR,FOOTWEAR,IVJUTELOF,IVAR® JUTE LOAFERS,40,JUTE,FOOTWEAR,,,,,,,SUMMER,,,,,,,,-,NOS,PKR,,,3750,18,0,,,,106420,
IVAR,FOOTWEAR,IVJUTELOF,IVAR® JUTE LOAFERS,39,JUTE,FOOTWEAR,,,,,,,SUMMER,,,,,,,,-,NOS,PKR,,,3750,18,0,,,,106419,
IVAR,SUMMER COLLECTION,IVCNTRSTJCPO,IVAR® CONTRAST J/C POLO,XX-LARGE,MAROON,SUMMER COLLECTION,,,,,,,SUMMER,,,,,,,,6109.9090,NOS,PKR,,,2550,18,0,,,,106416,
IVAR,SUMMER COLLECTION,IVCNTRSTJCPO,IVAR® CONTRAST J/C POLO,X-LARGE,MAROON,SUMMER COLLECTION,,,,,,,SUMMER,,,,,,,,6109.9090,NOS,PKR,,,2550,18,0,,,,106415,
IVAR,SUMMER COLLECTION,IVCNTRSTJCPO,IVAR® CONTRAST J/C POLO,LARGE,MAROON,SUMMER COLLECTION,,,,,,,SUMMER,,,,,,,,6109.9090,NOS,PKR,,,2550,18,0,,,,106414,
IVAR,SUMMER COLLECTION,IVCNTRSTJCPO,IVAR® CONTRAST J/C POLO,MEDIUM,MAROON,SUMMER COLLECTION,,,,,,,SUMMER,,,,,,,,6109.9090,NOS,PKR,,,2550,18,0,,,,106413,
IVAR,SUMMER COLLECTION,IVCNTRSTJCPO,IVAR® CONTRAST J/C POLO,SMALL,MAROON,SUMMER COLLECTION,,,,,,,SUMMER,,,,,,,,6109.9090,NOS,PKR,,,2550,18,0,,,,106412,
IVAR,SUMMER COLLECTION,IVCNTRSTJCPO,IVAR® CONTRAST J/C POLO,XX-LARGE,NAVY,SUMMER COLLECTION,,,,,,,SUMMER,,,,,,,,6109.9090,NOS,PKR,,,2550,18,0,,,,106411,
IVAR,SUMMER COLLECTION,IVCNTRSTJCPO,IVAR® CONTRAST J/C POLO,X-LARGE,NAVY,SUMMER COLLECTION,,,,,,,SUMMER,,,,,,,,6109.9090,NOS,PKR,,,2550,18,0,,,,106410,
IVAR,SUMMER COLLECTION,IVCNTRSTJCPO,IVAR® CONTRAST J/C POLO,LARGE,NAVY,SUMMER COLLECTION,,,,,,,SUMMER,,,,,,,,6109.9090,NOS,PKR,,,2550,18,0,,,,106409,
IVAR,SUMMER COLLECTION,IVCNTRSTJCPO,IVAR® CONTRAST J/C POLO,MEDIUM,NAVY,SUMMER COLLECTION,,,,,,,SUMMER,,,,,,,,6109.9090,NOS,PKR,,,2550,18,0,,,,106408,
IVAR,SUMMER COLLECTION,IVCNTRSTJCPO,IVAR® CONTRAST J/C POLO,SMALL,NAVY,SUMMER COLLECTION,,,,,,,SUMMER,,,,,,,,6109.9090,NOS,PKR,,,2550,18,0,,,,106407,
IVAR,SUMMER COLLECTION,IVCNTRSTJCPO,IVAR® CONTRAST J/C POLO,XX-LARGE,SMOKED GREY,SUMMER COLLECTION,,,,,,,SUMMER,,,,,,,,6109.9090,NOS,PKR,,,2550,18,0,,,,106406,
IVAR,SUMMER COLLECTION,IVCNTRSTJCPO,IVAR® CONTRAST J/C POLO,X-LARGE,SMOKED GREY,SUMMER COLLECTION,,,,,,,SUMMER,,,,,,,,6109.9090,NOS,PKR,,,2550,18,0,,,,106405,
IVAR,SUMMER COLLECTION,IVCNTRSTJCPO,IVAR® CONTRAST J/C POLO,LARGE,SMOKED GREY,SUMMER COLLECTION,,,,,,,SUMMER,,,,,,,,6109.9090,NOS,PKR,,,2550,18,0,,,,106404,
IVAR,SUMMER COLLECTION,IVCNTRSTJCPO,IVAR® CONTRAST J/C POLO,MEDIUM,SMOKED GREY,SUMMER COLLECTION,,,,,,,SUMMER,,,,,,,,6109.9090,NOS,PKR,,,2550,18,0,,,,106403,
IVAR,SUMMER COLLECTION,IVCNTRSTJCPO,IVAR® CONTRAST J/C POLO,SMALL,SMOKED GREY,SUMMER COLLECTION,,,,,,,SUMMER,,,,,,,,6109.9090,NOS,PKR,,,2550,18,0,,,,106402,
IVAR,SUMMER COLLECTION,IVCNTRSTJCPO,IVAR® CONTRAST J/C POLO,XX-LARGE,SKY,SUMMER COLLECTION,,,,,,,SUMMER,,,,,,,,6109.9090,NOS,PKR,,,2550,18,0,,,,106401,
IVAR,SUMMER COLLECTION,IVCNTRSTJCPO,IVAR® CONTRAST J/C POLO,X-LARGE,SKY,SUMMER COLLECTION,,,,,,,SUMMER,,,,,,,,6109.9090,NOS,PKR,,,2550,18,0,,,,106400,
IVAR,SUMMER COLLECTION,IVCNTRSTJCPO,IVAR® CONTRAST J/C POLO,LARGE,SKY,SUMMER COLLECTION,,,,,,,SUMMER,,,,,,,,6109.9090,NOS,PKR,,,2550,18,0,,,,106399,
IVAR,SUMMER COLLECTION,IVCNTRSTJCPO,IVAR® CONTRAST J/C POLO,MEDIUM,SKY,SUMMER COLLECTION,,,,,,,SUMMER,,,,,,,,6109.9090,NOS,PKR,,,2550,18,0,,,,106398,
IVAR,SUMMER COLLECTION,IVCNTRSTJCPO,IVAR® CONTRAST J/C POLO,SMALL,SKY,SUMMER COLLECTION,,,,,,,SUMMER,,,,,,,,6109.9090,NOS,PKR,,,2550,18,0,,,,106397,
IVAR,SUMMER COLLECTION,IVCNTRSTJCPO,IVAR® CONTRAST J/C POLO,XX-LARGE,DEEP FOREST,SUMMER COLLECTION,,,,,,,SUMMER,,,,,,,,6109.9090,NOS,PKR,,,2550,18,0,,,,106396,
IVAR,SUMMER COLLECTION,IVCNTRSTJCPO,IVAR® CONTRAST J/C POLO,X-LARGE,DEEP FOREST,SUMMER COLLECTION,,,,,,,SUMMER,,,,,,,,6109.9090,NOS,PKR,,,2550,18,0,,,,106395,
IVAR,SUMMER COLLECTION,IVCNTRSTJCPO,IVAR® CONTRAST J/C POLO,LARGE,DEEP FOREST,SUMMER COLLECTION,,,,,,,SUMMER,,,,,,,,6109.9090,NOS,PKR,,,2550,18,0,,,,106394,
IVAR,SUMMER COLLECTION,IVCNTRSTJCPO,IVAR® CONTRAST J/C POLO,MEDIUM,DEEP FOREST,SUMMER COLLECTION,,,,,,,SUMMER,,,,,,,,6109.9090,NOS,PKR,,,2550,18,0,,,,106393,
IVAR,SUMMER COLLECTION,IVCNTRSTJCPO,IVAR® CONTRAST J/C POLO,SMALL,DEEP FOREST,SUMMER COLLECTION,,,,,,,SUMMER,,,,,,,,6109.9090,NOS,PKR,,,2550,18,0,,,,106392,
IVAR,FOOTWEAR,IVPNYLOF,IVAR® PENNY LOAFER,45,DUSTY BROWN,FOOTWEAR,,,,,,,SUMMER,,,,,,,,-,NOS,PKR,,,5950,18,0,,,,106391,
IVAR,FOOTWEAR,IVPNYLOF,IVAR® PENNY LOAFER,44,DUSTY BROWN,FOOTWEAR,,,,,,,SUMMER,,,,,,,,-,NOS,PKR,,,5950,18,0,,,,106390,
IVAR,FOOTWEAR,IVPNYLOF,IVAR® PENNY LOAFER,43,DUSTY BROWN,FOOTWEAR,,,,,,,SUMMER,,,,,,,,-,NOS,PKR,,,5950,18,0,,,,106389,
IVAR,FOOTWEAR,IVPNYLOF,IVAR® PENNY LOAFER,42,DUSTY BROWN,FOOTWEAR,,,,,,,SUMMER,,,,,,,,-,NOS,PKR,,,5950,18,0,,,,106388,
IVAR,FOOTWEAR,IVPNYLOF,IVAR® PENNY LOAFER,41,DUSTY BROWN,FOOTWEAR,,,,,,,SUMMER,,,,,,,,-,NOS,PKR,,,5950,18,0,,,,106387,
IVAR,FOOTWEAR,IVPNYLOF,IVAR® PENNY LOAFER,40,DUSTY BROWN,FOOTWEAR,,,,,,,SUMMER,,,,,,,,-,NOS,PKR,,,5950,18,0,,,,106386,
IVAR,SUMMER COLLECTION,IVRSTSRT,IVAR® RESORT SHORTS,34,BLACK,SUMMER COLLECTION,,,,,,,SUMMER,,,,,,,,6203.4110,NOS,PKR,,,2500,18,0,,,,106385,
IVAR,SUMMER COLLECTION,IVRSTSRT,IVAR® RESORT SHORTS,32,CHARCOAL,SUMMER COLLECTION,,,,,,,SUMMER,,,,,,,,6203.4110,NOS,PKR,,,2500,18,0,,,,106384,
IVAR,SUMMER COLLECTION,IVRSTSRT,IVAR® RESORT SHORTS,38,NAVY,SUMMER COLLECTION,,,,,,,SUMMER,,,,,,,,6203.4110,NOS,PKR,,,2500,18,0,,,,106383,
IVAR,SUMMER COLLECTION,IVRSTSRT,IVAR® RESORT SHORTS,36,NAVY,SUMMER COLLECTION,,,,,,,SUMMER,,,,,,,,6203.4110,NOS,PKR,,,2500,18,0,,,,106382,
IVAR,SUMMER COLLECTION,IVRSTSRT,IVAR® RESORT SHORTS,32,NAVY,SUMMER COLLECTION,,,,,,,SUMMER,,,,,,,,6203.4110,NOS,PKR,,,2500,18,0,,,,106381,
IVAR,SUMMER COLLECTION,IVRSTSRT,IVAR® RESORT SHORTS,30,NAVY,SUMMER COLLECTION,,,,,,,SUMMER,,,,,,,,6203.4110,NOS,PKR,,,2500,18,0,,,,106380,
IVAR,SUMMER COLLECTION,IVRSTSRT,IVAR® RESORT SHORTS,38,CAMEL BROWN,SUMMER COLLECTION,,,,,,,SUMMER,,,,,,,,6203.4110,NOS,PKR,,,2500,18,0,,,,106379,
IVAR,SUMMER COLLECTION,IVRSTSRT,IVAR® RESORT SHORTS,36,CAMEL BROWN,SUMMER COLLECTION,,,,,,,SUMMER,,,,,,,,6203.4110,NOS,PKR,,,2500,18,0,,,,106378,
IVAR,SUMMER COLLECTION,IVRSTSRT,IVAR® RESORT SHORTS,34,CAMEL BROWN,SUMMER COLLECTION,,,,,,,SUMMER,,,,,,,,6203.4110,NOS,PKR,,,2500,18,0,,,,106377,
IVAR,SUMMER COLLECTION,IVRSTSRT,IVAR® RESORT SHORTS,32,CAMEL BROWN,SUMMER COLLECTION,,,,,,,SUMMER,,,,,,,,6203.4110,NOS,PKR,,,2500,18,0,,,,106376,
IVAR,SUMMER COLLECTION,IVRSTSRT,IVAR® RESORT SHORTS,30,CAMEL BROWN,SUMMER COLLECTION,,,,,,,SUMMER,,,,,,,,6203.4110,NOS,PKR,,,2500,18,0,,,,106375,
IVAR,SUMMER COLLECTION,IVRSTSRT,IVAR® RESORT SHORTS,30,CHARCOAL,SUMMER COLLECTION,,,,,,,SUMMER,,,,,,,,6203.4110,NOS,PKR,,,2500,18,0,,,,106470,
IVAR,SUMMER COLLECTION,IVRSTSRT,IVAR® RESORT SHORTS,30,BLACK,SUMMER COLLECTION,,,,,,,SUMMER,,,,,,,,6203.4110,NOS,PKR,,,2500,18,0,,,,106471,
IVAR,SUMMER COLLECTION,IVRSTSRT,IVAR® RESORT SHORTS,32,BLACK,SUMMER COLLECTION,,,,,,,SUMMER,,,,,,,,6203.4110,NOS,PKR,,,2500,18,0,,,,106472,
IVAR,SUMMER COLLECTION,IVRSTSRT,IVAR® RESORT SHORTS,34,CHARCOAL,SUMMER COLLECTION,,,,,,,SUMMER,,,,,,,,6203.4110,NOS,PKR,,,2500,18,0,,,,106473,
IVAR,SUMMER COLLECTION,IVRSTSRT,IVAR® RESORT SHORTS,36,CHARCOAL,SUMMER COLLECTION,,,,,,,SUMMER,,,,,,,,6203.4110,NOS,PKR,,,2500,18,0,,,,106474,
IVAR,SUMMER COLLECTION,IVRSTSRT,IVAR® RESORT SHORTS,36,BLACK,SUMMER COLLECTION,,,,,,,SUMMER,,,,,,,,6203.4110,NOS,PKR,,,2500,18,0,,,,106475,
IVAR,SUMMER COLLECTION,IVRSTSRT,IVAR® RESORT SHORTS,38,CHARCOAL,SUMMER COLLECTION,,,,,,,SUMMER,,,,,,,,6203.4110,NOS,PKR,,,2500,18,0,,,,106476,
IVAR,SUMMER COLLECTION,IVRSTSRT,IVAR® RESORT SHORTS,38,BLACK,SUMMER COLLECTION,,,,,,,SUMMER,,,,,,,,6203.4110,NOS,PKR,,,2500,18,0,,,,106477,
IVAR,FOOTWEAR,IVPNYLOF,IVAR® PENNY LOAFER,45,BLACK,FOOTWEAR,,,,,,,SUMMER,,,,,,,,-,NOS,PKR,,,5950,18,0,,,,106478,
IVAR,FOOTWEAR,IVPNYLOF,IVAR® PENNY LOAFER,44,BLACK,FOOTWEAR,,,,,,,SUMMER,,,,,,,,-,NOS,PKR,,,5950,18,0,,,,106479,
IVAR,FOOTWEAR,IVPNYLOF,IVAR® PENNY LOAFER,43,BLACK,FOOTWEAR,,,,,,,SUMMER,,,,,,,,-,NOS,PKR,,,5950,18,0,,,,106480,
IVAR,FOOTWEAR,IVPNYLOF,IVAR® PENNY LOAFER,42,BLACK,FOOTWEAR,,,,,,,SUMMER,,,,,,,,-,NOS,PKR,,,5950,18,0,,,,106481,
IVAR,FOOTWEAR,IVPNYLOF,IVAR® PENNY LOAFER,41,BLACK,FOOTWEAR,,,,,,,SUMMER,,,,,,,,-,NOS,PKR,,,5950,18,0,,,,106482,
IVAR,FOOTWEAR,IVPNYLOF,IVAR® PENNY LOAFER,40,BLACK,FOOTWEAR,,,,,,,SUMMER,,,,,,,,-,NOS,PKR,,,5950,18,0,,,,106483,
IVAR,SUMMER COLLECTION,IVLNTXTBTNDWNSHRT,IVAR® LINEN TEXTURE BUTTONDOWN SHIRT,XX-LARGE,BLACK,SUMMER COLLECTION,,,,,,,SUMMER,,,,,,,,6205.3000,NOS,PKR,,,3999,18,0,,,,106373,
IVAR,SUMMER COLLECTION,IVLNTXTBTNDWNSHRT,IVAR® LINEN TEXTURE BUTTONDOWN SHIRT,X-LARGE,BLACK,SUMMER COLLECTION,,,,,,,SUMMER,,,,,,,,6205.3000,NOS,PKR,,,3999,18,0,,,,106372,
IVAR,SUMMER COLLECTION,IVLNTXTBTNDWNSHRT,IVAR® LINEN TEXTURE BUTTONDOWN SHIRT,LARGE,BLACK,SUMMER COLLECTION,,,,,,,SUMMER,,,,,,,,6205.3000,NOS,PKR,,,3999,18,0,,,,106371,
IVAR,SUMMER COLLECTION,IVLNTXTBTNDWNSHRT,IVAR® LINEN TEXTURE BUTTONDOWN SHIRT,MEDIUM,BLACK,SUMMER COLLECTION,,,,,,,SUMMER,,,,,,,,6205.3000,NOS,PKR,,,3999,18,0,,,,106370,
IVAR,SUMMER COLLECTION,IVLNTXTBTNDWNSHRT,IVAR® LINEN TEXTURE BUTTONDOWN SHIRT,SMALL,BLACK,SUMMER COLLECTION,,,,,,,SUMMER,,,,,,,,6205.3000,NOS,PKR,,,3999,18,0,,,,106369,
IVAR,SUMMER COLLECTION,IVLNTXTBTNDWNSHRT,IVAR® LINEN TEXTURE BUTTONDOWN SHIRT,XX-LARGE,BROWN,SUMMER COLLECTION,,,,,,,SUMMER,,,,,,,,6205.3000,NOS,PKR,,,3999,18,0,,,,106368,
IVAR,SUMMER COLLECTION,IVLNTXTBTNDWNSHRT,IVAR® LINEN TEXTURE BUTTONDOWN SHIRT,X-LARGE,BROWN,SUMMER COLLECTION,,,,,,,SUMMER,,,,,,,,6205.3000,NOS,PKR,,,3999,18,0,,,,106367,
IVAR,SUMMER COLLECTION,IVLNTXTBTNDWNSHRT,IVAR® LINEN TEXTURE BUTTONDOWN SHIRT,LARGE,BROWN,SUMMER COLLECTION,,,,,,,SUMMER,,,,,,,,6205.3000,NOS,PKR,,,3999,18,0,,,,106366,
IVAR,SUMMER COLLECTION,IVLNTXTBTNDWNSHRT,IVAR® LINEN TEXTURE BUTTONDOWN SHIRT,MEDIUM,BROWN,SUMMER COLLECTION,,,,,,,SUMMER,,,,,,,,6205.3000,NOS,PKR,,,3999,18,0,,,,106365,
IVAR,SUMMER COLLECTION,IVLNTXTBTNDWNSHRT,IVAR® LINEN TEXTURE BUTTONDOWN SHIRT,SMALL,BROWN,SUMMER COLLECTION,,,,,,,SUMMER,,,,,,,,6205.3000,NOS,PKR,,,3999,18,0,,,,106364,
IVAR,SUMMER COLLECTION,IVLNTXTBTNDWNSHRT,IVAR® LINEN TEXTURE BUTTONDOWN SHIRT,XX-LARGE,MAROON,SUMMER COLLECTION,,,,,,,SUMMER,,,,,,,,6205.3000,NOS,PKR,,,3999,18,0,,,,106363,
IVAR,SUMMER COLLECTION,IVLNTXTBTNDWNSHRT,IVAR® LINEN TEXTURE BUTTONDOWN SHIRT,X-LARGE,MAROON,SUMMER COLLECTION,,,,,,,SUMMER,,,,,,,,6205.3000,NOS,PKR,,,3999,18,0,,,,106362,
IVAR,SUMMER COLLECTION,IVLNTXTBTNDWNSHRT,IVAR® LINEN TEXTURE BUTTONDOWN SHIRT,LARGE,MAROON,SUMMER COLLECTION,,,,,,,SUMMER,,,,,,,,6205.3000,NOS,PKR,,,3999,18,0,,,,106361,
IVAR,SUMMER COLLECTION,IVLNTXTBTNDWNSHRT,IVAR® LINEN TEXTURE BUTTONDOWN SHIRT,MEDIUM,MAROON,SUMMER COLLECTION,,,,,,,SUMMER,,,,,,,,6205.3000,NOS,PKR,,,3999,18,0,,,,106360,
IVAR,SUMMER COLLECTION,IVLNTXTBTNDWNSHRT,IVAR® LINEN TEXTURE BUTTONDOWN SHIRT,SMALL,MAROON,SUMMER COLLECTION,,,,,,,SUMMER,,,,,,,,6205.3000,NOS,PKR,,,3999,18,0,,,,106359,
IVAR,SUMMER COLLECTION,IVLNTXTBTNDWNSHRT,IVAR® LINEN TEXTURE BUTTONDOWN SHIRT,XX-LARGE,OLIVE,SUMMER COLLECTION,,,,,,,SUMMER,,,,,,,,6205.3000,NOS,PKR,,,3999,18,0,,,,106358,
IVAR,SUMMER COLLECTION,IVLNTXTBTNDWNSHRT,IVAR® LINEN TEXTURE BUTTONDOWN SHIRT,X-LARGE,OLIVE,SUMMER COLLECTION,,,,,,,SUMMER,,,,,,,,6205.3000,NOS,PKR,,,3999,18,0,,,,106357,
IVAR,SUMMER COLLECTION,IVLNTXTBTNDWNSHRT,IVAR® LINEN TEXTURE BUTTONDOWN SHIRT,LARGE,OLIVE,SUMMER COLLECTION,,,,,,,SUMMER,,,,,,,,6205.3000,NOS,PKR,,,3999,18,0,,,,106356,
IVAR,SUMMER COLLECTION,IVLNTXTBTNDWNSHRT,IVAR® LINEN TEXTURE BUTTONDOWN SHIRT,MEDIUM,OLIVE,SUMMER COLLECTION,,,,,,,SUMMER,,,,,,,,6205.3000,NOS,PKR,,,3999,18,0,,,,106355,
IVAR,SUMMER COLLECTION,IVLNTXTBTNDWNSHRT,IVAR® LINEN TEXTURE BUTTONDOWN SHIRT,SMALL,OLIVE,SUMMER COLLECTION,,,,,,,SUMMER,,,,,,,,6205.3000,NOS,PKR,,,3999,18,0,,,,106354,
IVAR,SUMMER COLLECTION,IVLNTXTBTNDWNSHRT,IVAR® LINEN TEXTURE BUTTONDOWN SHIRT,XX-LARGE,WHITE,SUMMER COLLECTION,,,,,,,SUMMER,,,,,,,,6205.3000,NOS,PKR,,,3999,18,0,,,,106353,
IVAR,SUMMER COLLECTION,IVLNTXTBTNDWNSHRT,IVAR® LINEN TEXTURE BUTTONDOWN SHIRT,X-LARGE,WHITE,SUMMER COLLECTION,,,,,,,SUMMER,,,,,,,,6205.3000,NOS,PKR,,,3999,18,0,,,,106352,
IVAR,SUMMER COLLECTION,IVLNTXTBTNDWNSHRT,IVAR® LINEN TEXTURE BUTTONDOWN SHIRT,LARGE,WHITE,SUMMER COLLECTION,,,,,,,SUMMER,,,,,,,,6205.3000,NOS,PKR,,,3999,18,0,,,,106351,
IVAR,SUMMER COLLECTION,IVLNTXTBTNDWNSHRT,IVAR® LINEN TEXTURE BUTTONDOWN SHIRT,MEDIUM,WHITE,SUMMER COLLECTION,,,,,,,SUMMER,,,,,,,,6205.3000,NOS,PKR,,,3999,18,0,,,,106350,
IVAR,SUMMER COLLECTION,IVLNTXTBTNDWNSHRT,IVAR® LINEN TEXTURE BUTTONDOWN SHIRT,SMALL,WHITE,SUMMER COLLECTION,,,,,,,SUMMER,,,,,,,,6205.3000,NOS,PKR,,,3999,18,0,,,,106349,
IVAR,SUMMER COLLECTION,IVLNTXTBTNDWNSHRT,IVAR® LINEN TEXTURE BUTTONDOWN SHIRT,XX-LARGE,STONE BLUE,SUMMER COLLECTION,,,,,,,SUMMER,,,,,,,,6205.3000,NOS,PKR,,,3999,18,0,,,,106348,
IVAR,SUMMER COLLECTION,IVLNTXTBTNDWNSHRT,IVAR® LINEN TEXTURE BUTTONDOWN SHIRT,X-LARGE,STONE BLUE,SUMMER COLLECTION,,,,,,,SUMMER,,,,,,,,6205.3000,NOS,PKR,,,3999,18,0,,,,106347,
IVAR,SUMMER COLLECTION,IVLNTXTBTNDWNSHRT,IVAR® LINEN TEXTURE BUTTONDOWN SHIRT,LARGE,STONE BLUE,SUMMER COLLECTION,,,,,,,SUMMER,,,,,,,,6205.3000,NOS,PKR,,,3999,18,0,,,,106346,
IVAR,SUMMER COLLECTION,IVLNTXTBTNDWNSHRT,IVAR® LINEN TEXTURE BUTTONDOWN SHIRT,MEDIUM,STONE BLUE,SUMMER COLLECTION,,,,,,,SUMMER,,,,,,,,6205.3000,NOS,PKR,,,3999,18,0,,,,106345,
IVAR,SUMMER COLLECTION,IVLNTXTBTNDWNSHRT,IVAR® LINEN TEXTURE BUTTONDOWN SHIRT,SMALL,STONE BLUE,SUMMER COLLECTION,,,,,,,SUMMER,,,,,,,,6205.3000,NOS,PKR,,,3999,18,0,,,,106344,
IVAR,SUMMER COLLECTION,IVLNTXTBTNDWNSHRT,IVAR® LINEN TEXTURE BUTTONDOWN SHIRT,XX-LARGE,SOFT MINT,SUMMER COLLECTION,,,,,,,SUMMER,,,,,,,,6205.3000,NOS,PKR,,,3999,18,0,,,,106343,
IVAR,SUMMER COLLECTION,IVLNTXTBTNDWNSHRT,IVAR® LINEN TEXTURE BUTTONDOWN SHIRT,X-LARGE,SOFT MINT,SUMMER COLLECTION,,,,,,,SUMMER,,,,,,,,6205.3000,NOS,PKR,,,3999,18,0,,,,106342,
IVAR,SUMMER COLLECTION,IVLNTXTBTNDWNSHRT,IVAR® LINEN TEXTURE BUTTONDOWN SHIRT,LARGE,SOFT MINT,SUMMER COLLECTION,,,,,,,SUMMER,,,,,,,,6205.3000,NOS,PKR,,,3999,18,0,,,,106341,
IVAR,SUMMER COLLECTION,IVLNTXTBTNDWNSHRT,IVAR® LINEN TEXTURE BUTTONDOWN SHIRT,MEDIUM,SOFT MINT,SUMMER COLLECTION,,,,,,,SUMMER,,,,,,,,6205.3000,NOS,PKR,,,3999,18,0,,,,106340,
IVAR,SUMMER COLLECTION,IVLNTXTBTNDWNSHRT,IVAR® LINEN TEXTURE BUTTONDOWN SHIRT,SMALL,SOFT MINT,SUMMER COLLECTION,,,,,,,SUMMER,,,,,,,,6205.3000,NOS,PKR,,,3999,18,0,,,,106339,
IVAR,SUMMER COLLECTION,IVSTPDTRKPNT,IVAR® STAPERED TRACK PANTS,XX-LARGE,MAROON,SUMMER COLLECTION,,,,,,,SUMMER,,,,,,,,6103.4900,NOS,PKR,,,2950,18,0,,,,106338,
IVAR,SUMMER COLLECTION,IVSTPDTRKPNT,IVAR® STAPERED TRACK PANTS,X-LARGE,MAROON,SUMMER COLLECTION,,,,,,,SUMMER,,,,,,,,6103.4900,NOS,PKR,,,2950,18,0,,,,106337,
IVAR,SUMMER COLLECTION,IVSTPDTRKPNT,IVAR® STAPERED TRACK PANTS,LARGE,MAROON,SUMMER COLLECTION,,,,,,,SUMMER,,,,,,,,6103.4900,NOS,PKR,,,2950,18,0,,,,106336,
IVAR,SUMMER COLLECTION,IVSTPDTRKPNT,IVAR® STAPERED TRACK PANTS,MEDIUM,MAROON,SUMMER COLLECTION,,,,,,,SUMMER,,,,,,,,6103.4900,NOS,PKR,,,2950,18,0,,,,106335,
IVAR,SUMMER COLLECTION,IVSTPDTRKPNT,IVAR® STAPERED TRACK PANTS,SMALL,MAROON,SUMMER COLLECTION,,,,,,,SUMMER,,,,,,,,6103.4900,NOS,PKR,,,2950,18,0,,,,106334,
IVAR,SUMMER COLLECTION,IVSTPDTRKPNT,IVAR® STAPERED TRACK PANTS,XX-LARGE,NAVY,SUMMER COLLECTION,,,,,,,SUMMER,,,,,,,,6103.4900,NOS,PKR,,,2950,18,0,,,,106333,
IVAR,SUMMER COLLECTION,IVSTPDTRKPNT,IVAR® STAPERED TRACK PANTS,X-LARGE,NAVY,SUMMER COLLECTION,,,,,,,SUMMER,,,,,,,,6103.4900,NOS,PKR,,,2950,18,0,,,,106332,
IVAR,SUMMER COLLECTION,IVSTPDTRKPNT,IVAR® STAPERED TRACK PANTS,LARGE,NAVY,SUMMER COLLECTION,,,,,,,SUMMER,,,,,,,,6103.4900,NOS,PKR,,,2950,18,0,,,,106331,
IVAR,SUMMER COLLECTION,IVSTPDTRKPNT,IVAR® STAPERED TRACK PANTS,MEDIUM,NAVY,SUMMER COLLECTION,,,,,,,SUMMER,,,,,,,,6103.4900,NOS,PKR,,,2950,18,0,,,,106330,
IVAR,SUMMER COLLECTION,IVSTPDTRKPNT,IVAR® STAPERED TRACK PANTS,SMALL,NAVY,SUMMER COLLECTION,,,,,,,SUMMER,,,,,,,,6103.4900,NOS,PKR,,,2950,18,0,,,,106329,
IVAR,SUMMER COLLECTION,IVSTPDTRKPNT,IVAR® STAPERED TRACK PANTS,XX-LARGE,OFF WHITE,SUMMER COLLECTION,,,,,,,SUMMER,,,,,,,,6103.4900,NOS,PKR,,,2950,18,0,,,,106328,
IVAR,SUMMER COLLECTION,IVSTPDTRKPNT,IVAR® STAPERED TRACK PANTS,X-LARGE,OFF WHITE,SUMMER COLLECTION,,,,,,,SUMMER,,,,,,,,6103.4900,NOS,PKR,,,2950,18,0,,,,106327,
IVAR,SUMMER COLLECTION,IVSTPDTRKPNT,IVAR® STAPERED TRACK PANTS,LARGE,OFF WHITE,SUMMER COLLECTION,,,,,,,SUMMER,,,,,,,,6103.4900,NOS,PKR,,,2950,18,0,,,,106326,
IVAR,SUMMER COLLECTION,IVSTPDTRKPNT,IVAR® STAPERED TRACK PANTS,MEDIUM,OFF WHITE,SUMMER COLLECTION,,,,,,,SUMMER,,,,,,,,6103.4900,NOS,PKR,,,2950,18,0,,,,106325,
IVAR,SUMMER COLLECTION,IVSTPDTRKPNT,IVAR® STAPERED TRACK PANTS,SMALL,OFF WHITE,SUMMER COLLECTION,,,,,,,SUMMER,,,,,,,,6103.4900,NOS,PKR,,,2950,18,0,,,,106324,
IVAR,SUMMER COLLECTION,IVSTPDTRKPNT,IVAR® STAPERED TRACK PANTS,XX-LARGE,DEEP FOREST,SUMMER COLLECTION,,,,,,,SUMMER,,,,,,,,6103.4900,NOS,PKR,,,2950,18,0,,,,106323,
IVAR,SUMMER COLLECTION,IVSTPDTRKPNT,IVAR® STAPERED TRACK PANTS,X-LARGE,DEEP FOREST,SUMMER COLLECTION,,,,,,,SUMMER,,,,,,,,6103.4900,NOS,PKR,,,2950,18,0,,,,106322,
IVAR,SUMMER COLLECTION,IVSTPDTRKPNT,IVAR® STAPERED TRACK PANTS,LARGE,DEEP FOREST,SUMMER COLLECTION,,,,,,,SUMMER,,,,,,,,6103.4900,NOS,PKR,,,2950,18,0,,,,106321,
IVAR,SUMMER COLLECTION,IVSTPDTRKPNT,IVAR® STAPERED TRACK PANTS,MEDIUM,DEEP FOREST,SUMMER COLLECTION,,,,,,,SUMMER,,,,,,,,6103.4900,NOS,PKR,,,2950,18,0,,,,106320,
IVAR,SUMMER COLLECTION,IVSTPDTRKPNT,IVAR® STAPERED TRACK PANTS,SMALL,DEEP FOREST,SUMMER COLLECTION,,,,,,,SUMMER,,,,,,,,6103.4900,NOS,PKR,,,2950,18,0,,,,106319,
IVAR,FOUR SEASON,IVKNFPLTLRPNT,IVAR® KNIFE PLEATED TAILORED PANTS,40,MILITIA,FOUR SEASON,,,,,,,SUMMER,,,,,,,,6203.4110,NOS,PKR,,,4250,18,0,,,,106318,
IVAR,FOUR SEASON,IVKNFPLTLRPNT,IVAR® KNIFE PLEATED TAILORED PANTS,38,MILITIA,FOUR SEASON,,,,,,,SUMMER,,,,,,,,6203.4110,NOS,PKR,,,4250,18,0,,,,106317,
IVAR,FOUR SEASON,IVKNFPLTLRPNT,IVAR® KNIFE PLEATED TAILORED PANTS,36,MILITIA,FOUR SEASON,,,,,,,SUMMER,,,,,,,,6203.4110,NOS,PKR,,,4250,18,0,,,,106316,
IVAR,FOUR SEASON,IVKNFPLTLRPNT,IVAR® KNIFE PLEATED TAILORED PANTS,34,MILITIA,FOUR SEASON,,,,,,,SUMMER,,,,,,,,6203.4110,NOS,PKR,,,4250,18,0,,,,106315,
IVAR,FOUR SEASON,IVKNFPLTLRPNT,IVAR® KNIFE PLEATED TAILORED PANTS,32,MILITIA,FOUR SEASON,,,,,,,SUMMER,,,,,,,,6203.4110,NOS,PKR,,,4250,18,0,,,,106314,
IVAR,FOUR SEASON,IVKNFPLTLRPNT,IVAR® KNIFE PLEATED TAILORED PANTS,30,MILITIA,FOUR SEASON,,,,,,,SUMMER,,,,,,,,6203.4110,NOS,PKR,,,4250,18,0,,,,106313,
IVAR,FOUR SEASON,IVKNFPLTLRPNT,IVAR® KNIFE PLEATED TAILORED PANTS,40,BLACK,FOUR SEASON,,,,,,,SUMMER,,,,,,,,6203.4110,NOS,PKR,,,4250,18,0,,,,106312,
IVAR,FOUR SEASON,IVKNFPLTLRPNT,IVAR® KNIFE PLEATED TAILORED PANTS,38,BLACK,FOUR SEASON,,,,,,,SUMMER,,,,,,,,6203.4110,NOS,PKR,,,4250,18,0,,,,106311,
IVAR,FOUR SEASON,IVKNFPLTLRPNT,IVAR® KNIFE PLEATED TAILORED PANTS,36,BLACK,FOUR SEASON,,,,,,,SUMMER,,,,,,,,6203.4110,NOS,PKR,,,4250,18,0,,,,106310,
IVAR,FOUR SEASON,IVKNFPLTLRPNT,IVAR® KNIFE PLEATED TAILORED PANTS,34,BLACK,FOUR SEASON,,,,,,,SUMMER,,,,,,,,6203.4110,NOS,PKR,,,4250,18,0,,,,106309,
IVAR,FOUR SEASON,IVKNFPLTLRPNT,IVAR® KNIFE PLEATED TAILORED PANTS,32,BLACK,FOUR SEASON,,,,,,,SUMMER,,,,,,,,6203.4110,NOS,PKR,,,4250,18,0,,,,106308,
IVAR,FOUR SEASON,IVKNFPLTLRPNT,IVAR® KNIFE PLEATED TAILORED PANTS,30,BLACK,FOUR SEASON,,,,,,,SUMMER,,,,,,,,6203.4110,NOS,PKR,,,4250,18,0,,,,106307,
IVAR,FOUR SEASON,IVKNFPLTLRPNT,IVAR® KNIFE PLEATED TAILORED PANTS,40,NAVY,FOUR SEASON,,,,,,,SUMMER,,,,,,,,6203.4110,NOS,PKR,,,4250,18,0,,,,106306,
IVAR,FOUR SEASON,IVKNFPLTLRPNT,IVAR® KNIFE PLEATED TAILORED PANTS,38,NAVY,FOUR SEASON,,,,,,,SUMMER,,,,,,,,6203.4110,NOS,PKR,,,4250,18,0,,,,106305,
IVAR,FOUR SEASON,IVKNFPLTLRPNT,IVAR® KNIFE PLEATED TAILORED PANTS,36,NAVY,FOUR SEASON,,,,,,,SUMMER,,,,,,,,6203.4110,NOS,PKR,,,4250,18,0,,,,106304,
IVAR,FOUR SEASON,IVKNFPLTLRPNT,IVAR® KNIFE PLEATED TAILORED PANTS,34,NAVY,FOUR SEASON,,,,,,,SUMMER,,,,,,,,6203.4110,NOS,PKR,,,4250,18,0,,,,106303,
IVAR,FOUR SEASON,IVKNFPLTLRPNT,IVAR® KNIFE PLEATED TAILORED PANTS,32,NAVY,FOUR SEASON,,,,,,,SUMMER,,,,,,,,6203.4110,NOS,PKR,,,4250,18,0,,,,106302,
IVAR,FOUR SEASON,IVKNFPLTLRPNT,IVAR® KNIFE PLEATED TAILORED PANTS,30,NAVY,FOUR SEASON,,,,,,,SUMMER,,,,,,,,6203.4110,NOS,PKR,,,4250,18,0,,,,106301,
IVAR,FOUR SEASON,IVKNFPLTLRPNT,IVAR® KNIFE PLEATED TAILORED PANTS,30,CHARCOAL,FOUR SEASON,,,,,,,SUMMER,,,,,,,,6203.4110,NOS,PKR,,,4250,18,0,,,,106484,
IVAR,FOUR SEASON,IVKNFPLTLRPNT,IVAR® KNIFE PLEATED TAILORED PANTS,32,CHARCOAL,FOUR SEASON,,,,,,,SUMMER,,,,,,,,6203.4110,NOS,PKR,,,4250,18,0,,,,106485,
IVAR,FOUR SEASON,IVKNFPLTLRPNT,IVAR® KNIFE PLEATED TAILORED PANTS,34,CHARCOAL,FOUR SEASON,,,,,,,SUMMER,,,,,,,,6203.4110,NOS,PKR,,,4250,18,0,,,,106486,
IVAR,FOUR SEASON,IVKNFPLTLRPNT,IVAR® KNIFE PLEATED TAILORED PANTS,36,CHARCOAL,FOUR SEASON,,,,,,,SUMMER,,,,,,,,6203.4110,NOS,PKR,,,4250,18,0,,,,106487,
IVAR,FOUR SEASON,IVKNFPLTLRPNT,IVAR® KNIFE PLEATED TAILORED PANTS,38,CHARCOAL,FOUR SEASON,,,,,,,SUMMER,,,,,,,,6203.4110,NOS,PKR,,,4250,18,0,,,,106488,
IVAR,FOUR SEASON,IVKNFPLTLRPNT,IVAR® KNIFE PLEATED TAILORED PANTS,40,CHARCOAL,FOUR SEASON,,,,,,,SUMMER,,,,,,,,6203.4110,NOS,PKR,,,4250,18,0,,,,106489,
IVAR,FOOTWEAR,IVSLLOF,IVAR® SLIDE LOAFERS,45,NAVY,FOOTWEAR,,,,,,,SUMMER,,,,,,,,-,NOS,PKR,,,5950,18,0,,,,106299,
IVAR,FOOTWEAR,IVSLLOF,IVAR® SLIDE LOAFERS,44,NAVY,FOOTWEAR,,,,,,,SUMMER,,,,,,,,-,NOS,PKR,,,5950,18,0,,,,106298,
IVAR,FOOTWEAR,IVSLLOF,IVAR® SLIDE LOAFERS,43,NAVY,FOOTWEAR,,,,,,,SUMMER,,,,,,,,-,NOS,PKR,,,5950,18,0,,,,106297,
IVAR,FOOTWEAR,IVSLLOF,IVAR® SLIDE LOAFERS,42,NAVY,FOOTWEAR,,,,,,,SUMMER,,,,,,,,-,NOS,PKR,,,5950,18,0,,,,106296,
IVAR,FOOTWEAR,IVSLLOF,IVAR® SLIDE LOAFERS,41,NAVY,FOOTWEAR,,,,,,,SUMMER,,,,,,,,-,NOS,PKR,,,5950,18,0,,,,106295,
IVAR,FOOTWEAR,IVSLLOF,IVAR® SLIDE LOAFERS,40,NAVY,FOOTWEAR,,,,,,,SUMMER,,,,,,,,-,NOS,PKR,,,5950,18,0,,,,106294,
IVAR,FOUR SEASON,IVBOTCUTDNM,IVAR® BOOTCUT DENIM,40,DARK BLUE,FOUR SEASON,,,,,,,SUMMER,,,,,,,,6203.4110,NOS,PKR,,,3350,18,0,,,,106293,
IVAR,FOUR SEASON,IVBOTCUTDNM,IVAR® BOOTCUT DENIM,38,DARK BLUE,FOUR SEASON,,,,,,,SUMMER,,,,,,,,6203.4110,NOS,PKR,,,3350,18,0,,,,106292,
IVAR,FOUR SEASON,IVBOTCUTDNM,IVAR® BOOTCUT DENIM,36,DARK BLUE,FOUR SEASON,,,,,,,SUMMER,,,,,,,,6203.4110,NOS,PKR,,,3350,18,0,,,,106291,
IVAR,FOUR SEASON,IVBOTCUTDNM,IVAR® BOOTCUT DENIM,34,DARK BLUE,FOUR SEASON,,,,,,,SUMMER,,,,,,,,6203.4110,NOS,PKR,,,3350,18,0,,,,106290,
IVAR,FOUR SEASON,IVBOTCUTDNM,IVAR® BOOTCUT DENIM,32,DARK BLUE,FOUR SEASON,,,,,,,SUMMER,,,,,,,,6203.4110,NOS,PKR,,,3350,18,0,,,,106289,
IVAR,FOUR SEASON,IVBOTCUTDNM,IVAR® BOOTCUT DENIM,30,DARK BLUE,FOUR SEASON,,,,,,,SUMMER,,,,,,,,6203.4110,NOS,PKR,,,3350,18,0,,,,106288,
IVAR,SUMMER COLLECTION,IVSTPDTRKPNT,IVAR® STAPERED TRACK PANT,SMALL,SMOKE GREY,SUMMER COLLECTION,,,,,,,SUMMER,,,,,,,,6103.4900,NOS,PKR,,,2950,18,0,,,,106490,
IVAR,SUMMER COLLECTION,IVSTPDTRKPNT,IVAR® STAPERED TRACK PANT,MEDIUM,SMOKE GREY,SUMMER COLLECTION,,,,,,,SUMMER,,,,,,,,6103.4900,NOS,PKR,,,2950,18,0,,,,106491,
IVAR,SUMMER COLLECTION,IVSTPDTRKPNT,IVAR® STAPERED TRACK PANT,LARGE,SMOKE GREY,SUMMER COLLECTION,,,,,,,SUMMER,,,,,,,,6103.4900,NOS,PKR,,,2950,18,0,,,,106492,
IVAR,SUMMER COLLECTION,IVSTPDTRKPNT,IVAR® STAPERED TRACK PANT,X-LARGE,SMOKE GREY,SUMMER COLLECTION,,,,,,,SUMMER,,,,,,,,6103.4900,NOS,PKR,,,2950,18,0,,,,106493,
IVAR,SUMMER COLLECTION,IVSTPDTRKPNT,IVAR® STAPERED TRACK PANT,XX-LARGE,SMOKE GREY,SUMMER COLLECTION,,,,,,,SUMMER,,,,,,,,6103.4900,NOS,PKR,,,2950,18,0,,,,106494,
IVAR,FOOTWEAR,IVSULOF,IVAR® SUEDE LOAFERS,40,OLIVE GREY,FOOTWEAR,,,,,,,SUMMER,,,,,,,,-,NOS,PKR,,,5950,18,0,,,,106287,
IVAR,SUMMER COLLECTION,IVDRPNEDLVRSTYJ/CPO,IVAR® DROPNEEDLE VARSITY J/C POLO,XX-LARGE,NAVY,SUMMER COLLECTION,,,,,,,SUMMER,,,,,,,,6109.9090,NOS,PKR,,,2650,18,0,,,,106286,
IVAR,SUMMER COLLECTION,IVDRPNEDLVRSTYJ/CPO,IVAR® DROPNEEDLE VARSITY J/C POLO,X-LARGE,NAVY,SUMMER COLLECTION,,,,,,,SUMMER,,,,,,,,6109.9090,NOS,PKR,,,2650,18,0,,,,106285,
IVAR,SUMMER COLLECTION,IVDRPNEDLVRSTYJ/CPO,IVAR® DROPNEEDLE VARSITY J/C POLO,LARGE,NAVY,SUMMER COLLECTION,,,,,,,SUMMER,,,,,,,,6109.9090,NOS,PKR,,,2650,18,0,,,,106284,
IVAR,SUMMER COLLECTION,IVDRPNEDLVRSTYJ/CPO,IVAR® DROPNEEDLE VARSITY J/C POLO,MEDIUM,NAVY,SUMMER COLLECTION,,,,,,,SUMMER,,,,,,,,6109.9090,NOS,PKR,,,2650,18,0,,,,106283,
IVAR,SUMMER COLLECTION,IVDRPNEDLVRSTYJ/CPO,IVAR® DROPNEEDLE VARSITY J/C POLO,SMALL,NAVY,SUMMER COLLECTION,,,,,,,SUMMER,,,,,,,,6109.9090,NOS,PKR,,,2650,18,0,,,,106282,
IVAR,SUMMER COLLECTION,IVDRPNEDLVRSTYJ/CPO,IVAR® DROPNEEDLE VARSITY J/C POLO,XX-LARGE,BROWN,SUMMER COLLECTION,,,,,,,SUMMER,,,,,,,,6109.9090,NOS,PKR,,,2650,18,0,,,,106281,
IVAR,SUMMER COLLECTION,IVDRPNEDLVRSTYJ/CPO,IVAR® DROPNEEDLE VARSITY J/C POLO,X-LARGE,BROWN,SUMMER COLLECTION,,,,,,,SUMMER,,,,,,,,6109.9090,NOS,PKR,,,2650,18,0,,,,106280,
IVAR,SUMMER COLLECTION,IVDRPNEDLVRSTYJ/CPO,IVAR® DROPNEEDLE VARSITY J/C POLO,LARGE,BROWN,SUMMER COLLECTION,,,,,,,SUMMER,,,,,,,,6109.9090,NOS,PKR,,,2650,18,0,,,,106279,
IVAR,SUMMER COLLECTION,IVDRPNEDLVRSTYJ/CPO,IVAR® DROPNEEDLE VARSITY J/C POLO,MEDIUM,BROWN,SUMMER COLLECTION,,,,,,,SUMMER,,,,,,,,6109.9090,NOS,PKR,,,2650,18,0,,,,106278,
IVAR,SUMMER COLLECTION,IVDRPNEDLVRSTYJ/CPO,IVAR® DROPNEEDLE VARSITY J/C POLO,SMALL,BROWN,SUMMER COLLECTION,,,,,,,SUMMER,,,,,,,,6109.9090,NOS,PKR,,,2650,18,0,,,,106277,
IVAR,SUMMER COLLECTION,IVDRPNEDLVRSTYJ/CPO,IVAR® DROPNEEDLE VARSITY J/C POLO,XX-LARGE,MAROON,SUMMER COLLECTION,,,,,,,SUMMER,,,,,,,,6109.9090,NOS,PKR,,,2650,18,0,,,,106276,
IVAR,SUMMER COLLECTION,IVDRPNEDLVRSTYJ/CPO,IVAR® DROPNEEDLE VARSITY J/C POLO,X-LARGE,MAROON,SUMMER COLLECTION,,,,,,,SUMMER,,,,,,,,6109.9090,NOS,PKR,,,2650,18,0,,,,106275,
IVAR,SUMMER COLLECTION,IVDRPNEDLVRSTYJ/CPO,IVAR® DROPNEEDLE VARSITY J/C POLO,LARGE,MAROON,SUMMER COLLECTION,,,,,,,SUMMER,,,,,,,,6109.9090,NOS,PKR,,,2650,18,0,,,,106274,
IVAR,SUMMER COLLECTION,IVDRPNEDLVRSTYJ/CPO,IVAR® DROPNEEDLE VARSITY J/C POLO,MEDIUM,MAROON,SUMMER COLLECTION,,,,,,,SUMMER,,,,,,,,6109.9090,NOS,PKR,,,2650,18,0,,,,106273,
IVAR,SUMMER COLLECTION,IVDRPNEDLVRSTYJ/CPO,IVAR® DROPNEEDLE VARSITY J/C POLO,SMALL,MAROON,SUMMER COLLECTION,,,,,,,SUMMER,,,,,,,,6109.9090,NOS,PKR,,,2650,18,0,,,,106272,
IVAR,SUMMER COLLECTION,IVDRPNEDLVRSTYJ/CPO,IVAR® DROPNEEDLE VARSITY J/C POLO,XX-LARGE,BLACK,SUMMER COLLECTION,,,,,,,SUMMER,,,,,,,,6109.9090,NOS,PKR,,,2650,18,0,,,,106271,
IVAR,SUMMER COLLECTION,IVDRPNEDLVRSTYJ/CPO,IVAR® DROPNEEDLE VARSITY J/C POLO,X-LARGE,BLACK,SUMMER COLLECTION,,,,,,,SUMMER,,,,,,,,6109.9090,NOS,PKR,,,2650,18,0,,,,106270,
IVAR,SUMMER COLLECTION,IVDRPNEDLVRSTYJ/CPO,IVAR® DROPNEEDLE VARSITY J/C POLO,LARGE,BLACK,SUMMER COLLECTION,,,,,,,SUMMER,,,,,,,,6109.9090,NOS,PKR,,,2650,18,0,,,,106269,
IVAR,SUMMER COLLECTION,IVDRPNEDLVRSTYJ/CPO,IVAR® DROPNEEDLE VARSITY J/C POLO,MEDIUM,BLACK,SUMMER COLLECTION,,,,,,,SUMMER,,,,,,,,6109.9090,NOS,PKR,,,2650,18,0,,,,106268,
IVAR,SUMMER COLLECTION,IVDRPNEDLVRSTYJ/CPO,IVAR® DROPNEEDLE VARSITY J/C POLO,SMALL,BLACK,SUMMER COLLECTION,,,,,,,SUMMER,,,,,,,,6109.9090,NOS,PKR,,,2650,18,0,,,,106267,
IVAR,FOUR SEASON,IVTLRDBOTCTPNT,IVAR® TAILORED BOOTCUT PANTS,40,BLACK,FOUR SEASON,,,,,,,SUMMER,,,,,,,,6203.4110,NOS,PKR,,,4250,18,0,,,,106266,
IVAR,FOUR SEASON,IVTLRDBOTCTPNT,IVAR® TAILORED BOOTCUT PANTS,38,BLACK,FOUR SEASON,,,,,,,SUMMER,,,,,,,,6203.4110,NOS,PKR,,,4250,18,0,,,,106265,
IVAR,FOUR SEASON,IVTLRDBOTCTPNT,IVAR® TAILORED BOOTCUT PANTS,36,BLACK,FOUR SEASON,,,,,,,SUMMER,,,,,,,,6203.4110,NOS,PKR,,,4250,18,0,,,,106264,
IVAR,FOUR SEASON,IVTLRDBOTCTPNT,IVAR® TAILORED BOOTCUT PANTS,34,BLACK,FOUR SEASON,,,,,,,SUMMER,,,,,,,,6203.4110,NOS,PKR,,,4250,18,0,,,,106263,
IVAR,FOUR SEASON,IVTLRDBOTCTPNT,IVAR® TAILORED BOOTCUT PANTS,32,BLACK,FOUR SEASON,,,,,,,SUMMER,,,,,,,,6203.4110,NOS,PKR,,,4250,18,0,,,,106262,
IVAR,FOUR SEASON,IVTLRDBOTCTPNT,IVAR® TAILORED BOOTCUT PANTS,30,BLACK,FOUR SEASON,,,,,,,SUMMER,,,,,,,,6203.4110,NOS,PKR,,,4250,18,0,,,,106261,
IVAR,FOUR SEASON,IVTLRDBOTCTPNT,IVAR® TAILORED BOOTCUT PANTS,40,NAVY,FOUR SEASON,,,,,,,SUMMER,,,,,,,,6203.4110,NOS,PKR,,,4250,18,0,,,,106260,
IVAR,FOUR SEASON,IVTLRDBOTCTPNT,IVAR® TAILORED BOOTCUT PANTS,38,NAVY,FOUR SEASON,,,,,,,SUMMER,,,,,,,,6203.4110,NOS,PKR,,,4250,18,0,,,,106259,
IVAR,FOUR SEASON,IVTLRDBOTCTPNT,IVAR® TAILORED BOOTCUT PANTS,36,NAVY,FOUR SEASON,,,,,,,SUMMER,,,,,,,,6203.4110,NOS,PKR,,,4250,18,0,,,,106258,
IVAR,FOUR SEASON,IVTLRDBOTCTPNT,IVAR® TAILORED BOOTCUT PANTS,34,NAVY,FOUR SEASON,,,,,,,SUMMER,,,,,,,,6203.4110,NOS,PKR,,,4250,18,0,,,,106257,
IVAR,FOUR SEASON,IVTLRDBOTCTPNT,IVAR® TAILORED BOOTCUT PANTS,32,NAVY,FOUR SEASON,,,,,,,SUMMER,,,,,,,,6203.4110,NOS,PKR,,,4250,18,0,,,,106256,
IVAR,FOUR SEASON,IVTLRDBOTCTPNT,IVAR® TAILORED BOOTCUT PANTS,30,NAVY,FOUR SEASON,,,,,,,SUMMER,,,,,,,,6203.4110,NOS,PKR,,,4250,18,0,,,,106255,
IVAR,FOUR SEASON,IVTLRDBOTCTPNT,IVAR® TAILORED BOOTCUT PANTS,40,SILVER,FOUR SEASON,,,,,,,SUMMER,,,,,,,,6203.4110,NOS,PKR,,,4250,18,0,,,,106254,
IVAR,FOUR SEASON,IVTLRDBOTCTPNT,IVAR® TAILORED BOOTCUT PANTS,38,SILVER,FOUR SEASON,,,,,,,SUMMER,,,,,,,,6203.4110,NOS,PKR,,,4250,18,0,,,,106253,
IVAR,FOUR SEASON,IVTLRDBOTCTPNT,IVAR® TAILORED BOOTCUT PANTS,36,SILVER,FOUR SEASON,,,,,,,SUMMER,,,,,,,,6203.4110,NOS,PKR,,,4250,18,0,,,,106252,
IVAR,FOUR SEASON,IVTLRDBOTCTPNT,IVAR® TAILORED BOOTCUT PANTS,34,SILVER,FOUR SEASON,,,,,,,SUMMER,,,,,,,,6203.4110,NOS,PKR,,,4250,18,0,,,,106251,
IVAR,FOUR SEASON,IVTLRDBOTCTPNT,IVAR® TAILORED BOOTCUT PANTS,32,SILVER,FOUR SEASON,,,,,,,SUMMER,,,,,,,,6203.4110,NOS,PKR,,,4250,18,0,,,,106250,
IVAR,FOUR SEASON,IVTLRDBOTCTPNT,IVAR® TAILORED BOOTCUT PANTS,30,SILVER,FOUR SEASON,,,,,,,SUMMER,,,,,,,,6203.4110,NOS,PKR,,,4250,18,0,,,,106249,
IVAR,FOUR SEASON,IVTLRDBOTCTPNT,IVAR® TAILORED BOOTCUT PANTS,40,MILITIA,FOUR SEASON,,,,,,,SUMMER,,,,,,,,6203.4110,NOS,PKR,,,4250,18,0,,,,106248,
IVAR,FOUR SEASON,IVTLRDBOTCTPNT,IVAR® TAILORED BOOTCUT PANTS,38,MILITIA,FOUR SEASON,,,,,,,SUMMER,,,,,,,,6203.4110,NOS,PKR,,,4250,18,0,,,,106247,
IVAR,FOUR SEASON,IVTLRDBOTCTPNT,IVAR® TAILORED BOOTCUT PANTS,36,MILITIA,FOUR SEASON,,,,,,,SUMMER,,,,,,,,6203.4110,NOS,PKR,,,4250,18,0,,,,106246,
IVAR,FOUR SEASON,IVTLRDBOTCTPNT,IVAR® TAILORED BOOTCUT PANTS,34,MILITIA,FOUR SEASON,,,,,,,SUMMER,,,,,,,,6203.4110,NOS,PKR,,,4250,18,0,,,,106245,
IVAR,FOUR SEASON,IVTLRDBOTCTPNT,IVAR® TAILORED BOOTCUT PANTS,32,MILITIA,FOUR SEASON,,,,,,,SUMMER,,,,,,,,6203.4110,NOS,PKR,,,4250,18,0,,,,106244,
IVAR,FOUR SEASON,IVTLRDBOTCTPNT,IVAR® TAILORED BOOTCUT PANTS,30,MILITIA,FOUR SEASON,,,,,,,SUMMER,,,,,,,,6203.4110,NOS,PKR,,,4250,18,0,,,,106243,
IVAR,FOOTWEAR,IVSULOF,IVAR® SUEDE LOAFERS,45,OLIVE GREY,FOOTWEAR,,,,,,,SUMMER,,,,,,,,-,NOS,PKR,,,5950,18,0,,,,106242,
IVAR,SUMMER COLLECTION,IVTPRDMSLETSHRT,IVAR® TIPPED MUSCLE TSHIRT,XX-LARGE,MEDIEVEL BLUE,SUMMER COLLECTION,,,,,,,SUMMER,,,,,,,,6109.9090,NOS,PKR,,,2350,18,0,,,,106241,
IVAR,SUMMER COLLECTION,IVTPRDMSLETSHRT,IVAR® TIPPED MUSCLE TSHIRT,X-LARGE,MEDIEVEL BLUE,SUMMER COLLECTION,,,,,,,SUMMER,,,,,,,,6109.9090,NOS,PKR,,,2350,18,0,,,,106240,
IVAR,SUMMER COLLECTION,IVTPRDMSLETSHRT,IVAR® TIPPED MUSCLE TSHIRT,LARGE,MEDIEVEL BLUE,SUMMER COLLECTION,,,,,,,SUMMER,,,,,,,,6109.9090,NOS,PKR,,,2350,18,0,,,,106239,
IVAR,SUMMER COLLECTION,IVTPRDMSLETSHRT,IVAR® TIPPED MUSCLE TSHIRT,MEDIUM,MEDIEVEL BLUE,SUMMER COLLECTION,,,,,,,SUMMER,,,,,,,,6109.9090,NOS,PKR,,,2350,18,0,,,,106238,
IVAR,SUMMER COLLECTION,IVTPRDMSLETSHRT,IVAR® TIPPED MUSCLE TSHIRT,SMALL,MEDIEVEL BLUE,SUMMER COLLECTION,,,,,,,SUMMER,,,,,,,,6109.9090,NOS,PKR,,,2350,18,0,,,,106237,
IVAR,SUMMER COLLECTION,IVTPRDMSLETSHRT,IVAR® TIPPED MUSCLE TSHIRT,XX-LARGE,SUGAR BROWN,SUMMER COLLECTION,,,,,,,SUMMER,,,,,,,,6109.9090,NOS,PKR,,,2350,18,0,,,,106236,
IVAR,SUMMER COLLECTION,IVTPRDMSLETSHRT,IVAR® TIPPED MUSCLE TSHIRT,X-LARGE,SUGAR BROWN,SUMMER COLLECTION,,,,,,,SUMMER,,,,,,,,6109.9090,NOS,PKR,,,2350,18,0,,,,106235,
IVAR,SUMMER COLLECTION,IVTPRDMSLETSHRT,IVAR® TIPPED MUSCLE TSHIRT,LARGE,SUGAR BROWN,SUMMER COLLECTION,,,,,,,SUMMER,,,,,,,,6109.9090,NOS,PKR,,,2350,18,0,,,,106234,
IVAR,SUMMER COLLECTION,IVTPRDMSLETSHRT,IVAR® TIPPED MUSCLE TSHIRT,MEDIUM,SUGAR BROWN,SUMMER COLLECTION,,,,,,,SUMMER,,,,,,,,6109.9090,NOS,PKR,,,2350,18,0,,,,106233,
IVAR,SUMMER COLLECTION,IVTPRDMSLETSHRT,IVAR® TIPPED MUSCLE TSHIRT,SMALL,SUGAR BROWN,SUMMER COLLECTION,,,,,,,SUMMER,,,,,,,,6109.9090,NOS,PKR,,,2350,18,0,,,,106232,
IVAR,SUMMER COLLECTION,IVTPRDMSLETSHRT,IVAR® TIPPED MUSCLE TSHIRT,XX-LARGE,OFF WHITE,SUMMER COLLECTION,,,,,,,SUMMER,,,,,,,,6109.9090,NOS,PKR,,,2350,18,0,,,,106231,
IVAR,SUMMER COLLECTION,IVTPRDMSLETSHRT,IVAR® TIPPED MUSCLE TSHIRT,X-LARGE,OFF WHITE,SUMMER COLLECTION,,,,,,,SUMMER,,,,,,,,6109.9090,NOS,PKR,,,2350,18,0,,,,106230,
IVAR,SUMMER COLLECTION,IVTPRDMSLETSHRT,IVAR® TIPPED MUSCLE TSHIRT,LARGE,OFF WHITE,SUMMER COLLECTION,,,,,,,SUMMER,,,,,,,,6109.9090,NOS,PKR,,,2350,18,0,,,,106229,
IVAR,SUMMER COLLECTION,IVTPRDMSLETSHRT,IVAR® TIPPED MUSCLE TSHIRT,MEDIUM,OFF WHITE,SUMMER COLLECTION,,,,,,,SUMMER,,,,,,,,6109.9090,NOS,PKR,,,2350,18,0,,,,106228,
IVAR,SUMMER COLLECTION,IVTPRDMSLETSHRT,IVAR® TIPPED MUSCLE TSHIRT,SMALL,OFF WHITE,SUMMER COLLECTION,,,,,,,SUMMER,,,,,,,,6109.9090,NOS,PKR,,,2350,18,0,,,,106227,
IVAR,SUMMER COLLECTION,IVTPRDMSLETSHRT,IVAR® TIPPED MUSCLE TSHIRT,XX-LARGE,BLACK,SUMMER COLLECTION,,,,,,,SUMMER,,,,,,,,6109.9090,NOS,PKR,,,2350,18,0,,,,106226,
IVAR,SUMMER COLLECTION,IVTPRDMSLETSHRT,IVAR® TIPPED MUSCLE TSHIRT,X-LARGE,BLACK,SUMMER COLLECTION,,,,,,,SUMMER,,,,,,,,6109.9090,NOS,PKR,,,2350,18,0,,,,106225,
IVAR,SUMMER COLLECTION,IVTPRDMSLETSHRT,IVAR® TIPPED MUSCLE TSHIRT,LARGE,BLACK,SUMMER COLLECTION,,,,,,,SUMMER,,,,,,,,6109.9090,NOS,PKR,,,2350,18,0,,,,106224,
IVAR,SUMMER COLLECTION,IVTPRDMSLETSHRT,IVAR® TIPPED MUSCLE TSHIRT,MEDIUM,BLACK,SUMMER COLLECTION,,,,,,,SUMMER,,,,,,,,6109.9090,NOS,PKR,,,2350,18,0,,,,106223,
IVAR,SUMMER COLLECTION,IVTPRDMSLETSHRT,IVAR® TIPPED MUSCLE TSHIRT,SMALL,BLACK,SUMMER COLLECTION,,,,,,,SUMMER,,,,,,,,6109.9090,NOS,PKR,,,2350,18,0,,,,106222,
IVAR,SUMMER COLLECTION,IVTPRDFTTHRT,IVAR® TAPERED FIT TSHIRT,XX-LARGE,MAROON,SUMMER COLLECTION,,,,,,,SUMMER,,,,,,,,6109.9090,NOS,PKR,,,1950,18,0,,,,106221,
IVAR,SUMMER COLLECTION,IVTPRDFTTHRT,IVAR® TAPERED FIT TSHIRT,X-LARGE,MAROON,SUMMER COLLECTION,,,,,,,SUMMER,,,,,,,,6109.9090,NOS,PKR,,,1950,18,0,,,,106220,
IVAR,SUMMER COLLECTION,IVTPRDFTTHRT,IVAR® TAPERED FIT TSHIRT,LARGE,MAROON,SUMMER COLLECTION,,,,,,,SUMMER,,,,,,,,6109.9090,NOS,PKR,,,1950,18,0,,,,106219,
IVAR,SUMMER COLLECTION,IVTPRDFTTHRT,IVAR® TAPERED FIT TSHIRT,MEDIUM,MAROON,SUMMER COLLECTION,,,,,,,SUMMER,,,,,,,,6109.9090,NOS,PKR,,,1950,18,0,,,,106218,
IVAR,SUMMER COLLECTION,IVTPRDFTTHRT,IVAR® TAPERED FIT TSHIRT,SMALL,MAROON,SUMMER COLLECTION,,,,,,,SUMMER,,,,,,,,6109.9090,NOS,PKR,,,1950,18,0,,,,106217,
IVAR,SUMMER COLLECTION,IVTPRDFTTHRT,IVAR® TAPERED FIT TSHIRT,XX-LARGE,MILITARY OLIVE,SUMMER COLLECTION,,,,,,,SUMMER,,,,,,,,6109.9090,NOS,PKR,,,1950,18,0,,,,106216,
IVAR,SUMMER COLLECTION,IVTPRDFTTHRT,IVAR® TAPERED FIT TSHIRT,X-LARGE,MILITARY OLIVE,SUMMER COLLECTION,,,,,,,SUMMER,,,,,,,,6109.9090,NOS,PKR,,,1950,18,0,,,,106215,
IVAR,SUMMER COLLECTION,IVTPRDFTTHRT,IVAR® TAPERED FIT TSHIRT,LARGE,MILITARY OLIVE,SUMMER COLLECTION,,,,,,,SUMMER,,,,,,,,6109.9090,NOS,PKR,,,1950,18,0,,,,106214,
IVAR,SUMMER COLLECTION,IVTPRDFTTHRT,IVAR® TAPERED FIT TSHIRT,MEDIUM,MILITARY OLIVE,SUMMER COLLECTION,,,,,,,SUMMER,,,,,,,,6109.9090,NOS,PKR,,,1950,18,0,,,,106213,
IVAR,SUMMER COLLECTION,IVTPRDFTTHRT,IVAR® TAPERED FIT TSHIRT,SMALL,MILITARY OLIVE,SUMMER COLLECTION,,,,,,,SUMMER,,,,,,,,6109.9090,NOS,PKR,,,1950,18,0,,,,106212,
IVAR,SUMMER COLLECTION,IVTPRDFTTHRT,IVAR® TAPERED FIT TSHIRT,XX-LARGE,CAMBRIDGE BROWN,SUMMER COLLECTION,,,,,,,SUMMER,,,,,,,,6109.9090,NOS,PKR,,,1950,18,0,,,,106211,
IVAR,SUMMER COLLECTION,IVTPRDFTTHRT,IVAR® TAPERED FIT TSHIRT,X-LARGE,CAMBRIDGE BROWN,SUMMER COLLECTION,,,,,,,SUMMER,,,,,,,,6109.9090,NOS,PKR,,,1950,18,0,,,,106210,
IVAR,SUMMER COLLECTION,IVTPRDFTTHRT,IVAR® TAPERED FIT TSHIRT,LARGE,CAMBRIDGE BROWN,SUMMER COLLECTION,,,,,,,SUMMER,,,,,,,,6109.9090,NOS,PKR,,,1950,18,0,,,,106209,
IVAR,SUMMER COLLECTION,IVTPRDFTTHRT,IVAR® TAPERED FIT TSHIRT,MEDIUM,CAMBRIDGE BROWN,SUMMER COLLECTION,,,,,,,SUMMER,,,,,,,,6109.9090,NOS,PKR,,,1950,18,0,,,,106208,
IVAR,SUMMER COLLECTION,IVTPRDFTTHRT,IVAR® TAPERED FIT TSHIRT,SMALL,CAMBRIDGE BROWN,SUMMER COLLECTION,,,,,,,SUMMER,,,,,,,,6109.9090,NOS,PKR,,,1950,18,0,,,,106207,
IVAR,SUMMER COLLECTION,IVFTWHRNGRTSHRT,IVAR® FT WHITE RINGER T SHIRT,XX-LARGE,SYRAH,SUMMER COLLECTION,,,,,,,SUMMER,,,,,,,,6109.9090,NOS,PKR,,,1999,18,0,,,,106206,
IVAR,SUMMER COLLECTION,IVFTWHRNGRTSHRT,IVAR® FT WHITE RINGER T SHIRT,X-LARGE,SYRAH,SUMMER COLLECTION,,,,,,,SUMMER,,,,,,,,6109.9090,NOS,PKR,,,1999,18,0,,,,106205,
IVAR,SUMMER COLLECTION,IVFTWHRNGRTSHRT,IVAR® FT WHITE RINGER T SHIRT,LARGE,SYRAH,SUMMER COLLECTION,,,,,,,SUMMER,,,,,,,,6109.9090,NOS,PKR,,,1999,18,0,,,,106204,
IVAR,SUMMER COLLECTION,IVFTWHRNGRTSHRT,IVAR® FT WHITE RINGER T SHIRT,MEDIUM,SYRAH,SUMMER COLLECTION,,,,,,,SUMMER,,,,,,,,6109.9090,NOS,PKR,,,1999,18,0,,,,106203,
IVAR,SUMMER COLLECTION,IVFTWHRNGRTSHRT,IVAR® FT WHITE RINGER T SHIRT,SMALL,SYRAH,SUMMER COLLECTION,,,,,,,SUMMER,,,,,,,,6109.9090,NOS,PKR,,,1999,18,0,,,,106202,
IVAR,SUMMER COLLECTION,IVFTWHRNGRTSHRT,IVAR® FT WHITE RINGER T SHIRT,XX-LARGE,DEEP LAGOON,SUMMER COLLECTION,,,,,,,SUMMER,,,,,,,,6109.9090,NOS,PKR,,,1999,18,0,,,,106201,
IVAR,SUMMER COLLECTION,IVFTWHRNGRTSHRT,IVAR® FT WHITE RINGER T SHIRT,X-LARGE,DEEP LAGOON,SUMMER COLLECTION,,,,,,,SUMMER,,,,,,,,6109.9090,NOS,PKR,,,1999,18,0,,,,106200,
IVAR,SUMMER COLLECTION,IVFTWHRNGRTSHRT,IVAR® FT WHITE RINGER T SHIRT,LARGE,DEEP LAGOON,SUMMER COLLECTION,,,,,,,SUMMER,,,,,,,,6109.9090,NOS,PKR,,,1999,18,0,,,,106199,
IVAR,SUMMER COLLECTION,IVFTWHRNGRTSHRT,IVAR® FT WHITE RINGER T SHIRT,MEDIUM,DEEP LAGOON,SUMMER COLLECTION,,,,,,,SUMMER,,,,,,,,6109.9090,NOS,PKR,,,1999,18,0,,,,106198,
IVAR,SUMMER COLLECTION,IVFTWHRNGRTSHRT,IVAR® FT WHITE RINGER T SHIRT,SMALL,DEEP LAGOON,SUMMER COLLECTION,,,,,,,SUMMER,,,,,,,,6109.9090,NOS,PKR,,,1999,18,0,,,,106197,
IVAR,SUMMER COLLECTION,IVFTWHRNGRTSHRT,IVAR® FT WHITE RINGER T SHIRT,XX-LARGE,BLACK,SUMMER COLLECTION,,,,,,,SUMMER,,,,,,,,6109.9090,NOS,PKR,,,1999,18,0,,,,106196,
IVAR,SUMMER COLLECTION,IVFTWHRNGRTSHRT,IVAR® FT WHITE RINGER T SHIRT,X-LARGE,BLACK,SUMMER COLLECTION,,,,,,,SUMMER,,,,,,,,6109.9090,NOS,PKR,,,1999,18,0,,,,106195,
IVAR,SUMMER COLLECTION,IVFTWHRNGRTSHRT,IVAR® FT WHITE RINGER T SHIRT,LARGE,BLACK,SUMMER COLLECTION,,,,,,,SUMMER,,,,,,,,6109.9090,NOS,PKR,,,1999,18,0,,,,106194,
IVAR,SUMMER COLLECTION,IVFTWHRNGRTSHRT,IVAR® FT WHITE RINGER T SHIRT,MEDIUM,BLACK,SUMMER COLLECTION,,,,,,,SUMMER,,,,,,,,6109.9090,NOS,PKR,,,1999,18,0,,,,106193,
IVAR,SUMMER COLLECTION,IVFTWHRNGRTSHRT,IVAR® FT WHITE RINGER T SHIRT,SMALL,BLACK,SUMMER COLLECTION,,,,,,,SUMMER,,,,,,,,6109.9090,NOS,PKR,,,1999,18,0,,,,106192,
IVAR,SUMMER COLLECTION,IVFTWHRNGRTSHRT,IVAR® FT WHITE RINGER T SHIRT,XX-LARGE,CAMBRIDGE BROWN,SUMMER COLLECTION,,,,,,,SUMMER,,,,,,,,6109.9090,NOS,PKR,,,1999,18,0,,,,106191,
IVAR,SUMMER COLLECTION,IVFTWHRNGRTSHRT,IVAR® FT WHITE RINGER T SHIRT,X-LARGE,CAMBRIDGE BROWN,SUMMER COLLECTION,,,,,,,SUMMER,,,,,,,,6109.9090,NOS,PKR,,,1999,18,0,,,,106190,
IVAR,SUMMER COLLECTION,IVFTWHRNGRTSHRT,IVAR® FT WHITE RINGER T SHIRT,LARGE,CAMBRIDGE BROWN,SUMMER COLLECTION,,,,,,,SUMMER,,,,,,,,6109.9090,NOS,PKR,,,1999,18,0,,,,106189,
IVAR,SUMMER COLLECTION,IVFTWHRNGRTSHRT,IVAR® FT WHITE RINGER T SHIRT,MEDIUM,CAMBRIDGE BROWN,SUMMER COLLECTION,,,,,,,SUMMER,,,,,,,,6109.9090,NOS,PKR,,,1999,18,0,,,,106188,
IVAR,SUMMER COLLECTION,IVFTWHRNGRTSHRT,IVAR® FT WHITE RINGER T SHIRT,SMALL,CAMBRIDGE BROWN,SUMMER COLLECTION,,,,,,,SUMMER,,,,,,,,6109.9090,NOS,PKR,,,1999,18,0,,,,106187,
IVAR,SUMMER COLLECTION,IVFTWHRNGRTSHRT,IVAR® FT WHITE RINGER T SHIRT,XX-LARGE,MILITARY OLIVE,SUMMER COLLECTION,,,,,,,SUMMER,,,,,,,,6109.9090,NOS,PKR,,,1999,18,0,,,,106186,
IVAR,SUMMER COLLECTION,IVFTWHRNGRTSHRT,IVAR® FT WHITE RINGER T SHIRT,X-LARGE,MILITARY OLIVE,SUMMER COLLECTION,,,,,,,SUMMER,,,,,,,,6109.9090,NOS,PKR,,,1999,18,0,,,,106185,
IVAR,SUMMER COLLECTION,IVFTWHRNGRTSHRT,IVAR® FT WHITE RINGER T SHIRT,LARGE,MILITARY OLIVE,SUMMER COLLECTION,,,,,,,SUMMER,,,,,,,,6109.9090,NOS,PKR,,,1999,18,0,,,,106184,
IVAR,SUMMER COLLECTION,IVFTWHRNGRTSHRT,IVAR® FT WHITE RINGER T SHIRT,MEDIUM,MILITARY OLIVE,SUMMER COLLECTION,,,,,,,SUMMER,,,,,,,,6109.9090,NOS,PKR,,,1999,18,0,,,,106183,
IVAR,SUMMER COLLECTION,IVFTWHRNGRTSHRT,IVAR® FT WHITE RINGER T SHIRT,SMALL,MILITARY OLIVE,SUMMER COLLECTION,,,,,,,SUMMER,,,,,,,,6109.9090,NOS,PKR,,,1999,18,0,,,,106182,
IVAR,SUMMER COLLECTION,IVFTWHRNGRTSHRT,IVAR® FT WHITE RINGER T SHIRT,XX-LARGE,BLUE DEPTHS,SUMMER COLLECTION,,,,,,,SUMMER,,,,,,,,6109.9090,NOS,PKR,,,1999,18,0,,,,106181,
IVAR,SUMMER COLLECTION,IVFTWHRNGRTSHRT,IVAR® FT WHITE RINGER T SHIRT,X-LARGE,BLUE DEPTHS,SUMMER COLLECTION,,,,,,,SUMMER,,,,,,,,6109.9090,NOS,PKR,,,1999,18,0,,,,106180,
IVAR,SUMMER COLLECTION,IVFTWHRNGRTSHRT,IVAR® FT WHITE RINGER T SHIRT,LARGE,BLUE DEPTHS,SUMMER COLLECTION,,,,,,,SUMMER,,,,,,,,6109.9090,NOS,PKR,,,1999,18,0,,,,106179,
IVAR,SUMMER COLLECTION,IVFTWHRNGRTSHRT,IVAR® FT WHITE RINGER T SHIRT,MEDIUM,BLUE DEPTHS,SUMMER COLLECTION,,,,,,,SUMMER,,,,,,,,6109.9090,NOS,PKR,,,1999,18,0,,,,106178,
IVAR,SUMMER COLLECTION,IVFTWHRNGRTSHRT,IVAR® FT WHITE RINGER T SHIRT,SMALL,BLUE DEPTHS,SUMMER COLLECTION,,,,,,,SUMMER,,,,,,,,6109.9090,NOS,PKR,,,1999,18,0,,,,106177,
IVAR,SUMMER COLLECTION,IVWHFTRNGRTSHRT,IVAR® WHITE FT RINGER TSHIRT,XX-LARGE,BLACK,SUMMER COLLECTION,,,,,,,SUMMER,,,,,,,,6109.9090,NOS,PKR,,,1999,18,0,,,,106176,
IVAR,SUMMER COLLECTION,IVWHFTRNGRTSHRT,IVAR® WHITE FT RINGER TSHIRT,X-LARGE,BLACK,SUMMER COLLECTION,,,,,,,SUMMER,,,,,,,,6109.9090,NOS,PKR,,,1999,18,0,,,,106175,
IVAR,SUMMER COLLECTION,IVWHFTRNGRTSHRT,IVAR® WHITE FT RINGER TSHIRT,LARGE,BLACK,SUMMER COLLECTION,,,,,,,SUMMER,,,,,,,,6109.9090,NOS,PKR,,,1999,18,0,,,,106174,
IVAR,SUMMER COLLECTION,IVWHFTRNGRTSHRT,IVAR® WHITE FT RINGER TSHIRT,MEDIUM,BLACK,SUMMER COLLECTION,,,,,,,SUMMER,,,,,,,,6109.9090,NOS,PKR,,,1999,18,0,,,,106173,
IVAR,SUMMER COLLECTION,IVWHFTRNGRTSHRT,IVAR® WHITE FT RINGER TSHIRT,SMALL,BLACK,SUMMER COLLECTION,,,,,,,SUMMER,,,,,,,,6109.9090,NOS,PKR,,,1999,18,0,,,,106172,
IVAR,SUMMER COLLECTION,IVWHFTRNGRTSHRT,IVAR® WHITE FT RINGER TSHIRT,XX-LARGE,NAVY,SUMMER COLLECTION,,,,,,,SUMMER,,,,,,,,6109.9090,NOS,PKR,,,1999,18,0,,,,106171,
IVAR,SUMMER COLLECTION,IVWHFTRNGRTSHRT,IVAR® WHITE FT RINGER TSHIRT,X-LARGE,NAVY,SUMMER COLLECTION,,,,,,,SUMMER,,,,,,,,6109.9090,NOS,PKR,,,1999,18,0,,,,106170,
IVAR,SUMMER COLLECTION,IVWHFTRNGRTSHRT,IVAR® WHITE FT RINGER TSHIRT,LARGE,NAVY,SUMMER COLLECTION,,,,,,,SUMMER,,,,,,,,6109.9090,NOS,PKR,,,1999,18,0,,,,106169,
IVAR,SUMMER COLLECTION,IVWHFTRNGRTSHRT,IVAR® WHITE FT RINGER TSHIRT,MEDIUM,NAVY,SUMMER COLLECTION,,,,,,,SUMMER,,,,,,,,6109.9090,NOS,PKR,,,1999,18,0,,,,106168,
IVAR,SUMMER COLLECTION,IVWHFTRNGRTSHRT,IVAR® WHITE FT RINGER TSHIRT,SMALL,NAVY,SUMMER COLLECTION,,,,,,,SUMMER,,,,,,,,6109.9090,NOS,PKR,,,1999,18,0,,,,106167,
IVAR,SUMMER COLLECTION,IVWHFTRNGRTSHRT,IVAR® WHITE FT RINGER TSHIRT,XX-LARGE,MAROON,SUMMER COLLECTION,,,,,,,SUMMER,,,,,,,,6109.9090,NOS,PKR,,,1999,18,0,,,,106166,
IVAR,SUMMER COLLECTION,IVWHFTRNGRTSHRT,IVAR® WHITE FT RINGER TSHIRT,X-LARGE,MAROON,SUMMER COLLECTION,,,,,,,SUMMER,,,,,,,,6109.9090,NOS,PKR,,,1999,18,0,,,,106165,
IVAR,SUMMER COLLECTION,IVWHFTRNGRTSHRT,IVAR® WHITE FT RINGER TSHIRT,LARGE,MAROON,SUMMER COLLECTION,,,,,,,SUMMER,,,,,,,,6109.9090,NOS,PKR,,,1999,18,0,,,,106164,
IVAR,SUMMER COLLECTION,IVWHFTRNGRTSHRT,IVAR® WHITE FT RINGER TSHIRT,MEDIUM,MAROON,SUMMER COLLECTION,,,,,,,SUMMER,,,,,,,,6109.9090,NOS,PKR,,,1999,18,0,,,,106163,
IVAR,SUMMER COLLECTION,IVWHFTRNGRTSHRT,IVAR® WHITE FT RINGER TSHIRT,SMALL,MAROON,SUMMER COLLECTION,,,,,,,SUMMER,,,,,,,,6109.9090,NOS,PKR,,,1999,18,0,,,,106162,
IVAR,FOOTWEAR,IVSULOF,IVAR® SUEDE LOAFERS,44,OLIVE GREY,FOOTWEAR,,,,,,,SUMMER,,,,,,,,-,NOS,PKR,,,5950,18,0,,,,106161,
IVAR,FOOTWEAR,IVSULOF,IVAR® SUEDE LOAFERS,43,OLIVE GREY,FOOTWEAR,,,,,,,SUMMER,,,,,,,,-,NOS,PKR,,,5950,18,0,,,,106160,
IVAR,FOOTWEAR,IVSULOF,IVAR® SUEDE LOAFERS,42,OLIVE GREY,FOOTWEAR,,,,,,,SUMMER,,,,,,,,-,NOS,PKR,,,5950,18,0,,,,106159,
IVAR,FOOTWEAR,IVSULOF,IVAR® SUEDE LOAFERS,41,OLIVE GREY,FOOTWEAR,,,,,,,SUMMER,,,,,,,,-,NOS,PKR,,,5950,18,0,,,,106158,
IVAR,SUMMER COLLECTION,IVFLTKNTPO,IVAR® FLATKNIT POLO,X-LARGE,TUX,SUMMER COLLECTION,,,,,,,SUMMER,,,,,,,,6105.9000,NOS,PKR,,,3999,18,0,,,,106157,
IVAR,SUMMER COLLECTION,IVFLTKNTPO,IVAR® FLATKNIT POLO,LARGE,TUX,SUMMER COLLECTION,,,,,,,SUMMER,,,,,,,,6106.9000,NOS,PKR,,,3999,18,0,,,,106156,
IVAR,SUMMER COLLECTION,IVFLTKNTPO,IVAR® FLATKNIT POLO,MEDIUM,TUX,SUMMER COLLECTION,,,,,,,SUMMER,,,,,,,,6107.9000,NOS,PKR,,,3999,18,0,,,,106155,
IVAR,SUMMER COLLECTION,IVFLTKNTPO,IVAR® FLATKNIT POLO,SMALL,TUX,SUMMER COLLECTION,,,,,,,SUMMER,,,,,,,,6108.9000,NOS,PKR,,,3999,18,0,,,,106154,
IVAR,FOUR SEASON,IVGNTLMNBTNDWNSHRT,IVAR® GENTLEMAN BUTTONDOWN SHIRT,XX-LARGE,BLACK,FOUR SEASON,,,,,,,SUMMER,,,,,,,,6205.3000,NOS,PKR,,,4250,18,0,,,,106152,
IVAR,FOUR SEASON,IVGNTLMNBTNDWNSHRT,IVAR® GENTLEMAN BUTTONDOWN SHIRT,X-LARGE,BLACK,FOUR SEASON,,,,,,,SUMMER,,,,,,,,6206.3000,NOS,PKR,,,4250,18,0,,,,106151,
IVAR,FOUR SEASON,IVGNTLMNBTNDWNSHRT,IVAR® GENTLEMAN BUTTONDOWN SHIRT,LARGE,BLACK,FOUR SEASON,,,,,,,SUMMER,,,,,,,,6207.3000,NOS,PKR,,,4250,18,0,,,,106150,
IVAR,FOUR SEASON,IVGNTLMNBTNDWNSHRT,IVAR® GENTLEMAN BUTTONDOWN SHIRT,MEDIUM,BLACK,FOUR SEASON,,,,,,,SUMMER,,,,,,,,6208.3000,NOS,PKR,,,4250,18,0,,,,106149,
IVAR,FOUR SEASON,IVGNTLMNBTNDWNSHRT,IVAR® GENTLEMAN BUTTONDOWN SHIRT,SMALL,BLACK,FOUR SEASON,,,,,,,SUMMER,,,,,,,,6209.3000,NOS,PKR,,,4250,18,0,,,,106148,
IVAR,FOUR SEASON,IVGNTLMNBTNDWNSHRT,IVAR® GENTLEMAN BUTTONDOWN SHIRT,XX-LARGE,NAVY,FOUR SEASON,,,,,,,SUMMER,,,,,,,,6210.3000,NOS,PKR,,,4250,18,0,,,,106147,
IVAR,FOUR SEASON,IVGNTLMNBTNDWNSHRT,IVAR® GENTLEMAN BUTTONDOWN SHIRT,X-LARGE,NAVY,FOUR SEASON,,,,,,,SUMMER,,,,,,,,6211.3000,NOS,PKR,,,4250,18,0,,,,106146,
IVAR,FOUR SEASON,IVGNTLMNBTNDWNSHRT,IVAR® GENTLEMAN BUTTONDOWN SHIRT,LARGE,NAVY,FOUR SEASON,,,,,,,SUMMER,,,,,,,,6212.3000,NOS,PKR,,,4250,18,0,,,,106145,
IVAR,FOUR SEASON,IVGNTLMNBTNDWNSHRT,IVAR® GENTLEMAN BUTTONDOWN SHIRT,MEDIUM,NAVY,FOUR SEASON,,,,,,,SUMMER,,,,,,,,6213.3000,NOS,PKR,,,4250,18,0,,,,106144,
IVAR,FOUR SEASON,IVGNTLMNBTNDWNSHRT,IVAR® GENTLEMAN BUTTONDOWN SHIRT,SMALL,NAVY,FOUR SEASON,,,,,,,SUMMER,,,,,,,,6214.3000,NOS,PKR,,,4250,18,0,,,,106143,
IVAR,FOUR SEASON,IVGNTLMNBTNDWNSHRT,IVAR® GENTLEMAN BUTTONDOWN SHIRT,XX-LARGE,SKY,FOUR SEASON,,,,,,,SUMMER,,,,,,,,6215.3000,NOS,PKR,,,4250,18,0,,,,106142,
IVAR,FOUR SEASON,IVGNTLMNBTNDWNSHRT,IVAR® GENTLEMAN BUTTONDOWN SHIRT,X-LARGE,SKY,FOUR SEASON,,,,,,,SUMMER,,,,,,,,6216.3000,NOS,PKR,,,4250,18,0,,,,106141,
IVAR,FOUR SEASON,IVGNTLMNBTNDWNSHRT,IVAR® GENTLEMAN BUTTONDOWN SHIRT,LARGE,SKY,FOUR SEASON,,,,,,,SUMMER,,,,,,,,6217.3000,NOS,PKR,,,4250,18,0,,,,106140,
IVAR,FOUR SEASON,IVGNTLMNBTNDWNSHRT,IVAR® GENTLEMAN BUTTONDOWN SHIRT,MEDIUM,SKY,FOUR SEASON,,,,,,,SUMMER,,,,,,,,6218.3000,NOS,PKR,,,4250,18,0,,,,106139,
IVAR,FOUR SEASON,IVGNTLMNBTNDWNSHRT,IVAR® GENTLEMAN BUTTONDOWN SHIRT,SMALL,SKY,FOUR SEASON,,,,,,,SUMMER,,,,,,,,6219.3000,NOS,PKR,,,4250,18,0,,,,106138,
IVAR,FOUR SEASON,IVGNTLMNBTNDWNSHRT,IVAR® GENTLEMAN BUTTONDOWN SHIRT,XX-LARGE,GRANITE GRAY,FOUR SEASON,,,,,,,SUMMER,,,,,,,,6220.3000,NOS,PKR,,,4250,18,0,,,,106137,
IVAR,FOUR SEASON,IVGNTLMNBTNDWNSHRT,IVAR® GENTLEMAN BUTTONDOWN SHIRT,X-LARGE,GRANITE GRAY,FOUR SEASON,,,,,,,SUMMER,,,,,,,,6221.3000,NOS,PKR,,,4250,18,0,,,,106136,
IVAR,FOUR SEASON,IVGNTLMNBTNDWNSHRT,IVAR® GENTLEMAN BUTTONDOWN SHIRT,LARGE,GRANITE GRAY,FOUR SEASON,,,,,,,SUMMER,,,,,,,,6222.3000,NOS,PKR,,,4250,18,0,,,,106135,
IVAR,FOUR SEASON,IVGNTLMNBTNDWNSHRT,IVAR® GENTLEMAN BUTTONDOWN SHIRT,MEDIUM,GRANITE GRAY,FOUR SEASON,,,,,,,SUMMER,,,,,,,,6223.3000,NOS,PKR,,,4250,18,0,,,,106134,
IVAR,FOUR SEASON,IVGNTLMNBTNDWNSHRT,IVAR® GENTLEMAN BUTTONDOWN SHIRT,SMALL,GRANITE GRAY,FOUR SEASON,,,,,,,SUMMER,,,,,,,,6224.3000,NOS,PKR,,,4250,18,0,,,,106133,
IVAR,FOUR SEASON,IVGNTLMNBTNDWNSHRT,IVAR® GENTLEMAN BUTTONDOWN SHIRT,XX-LARGE,BURGUNDY BROWN,FOUR SEASON,,,,,,,SUMMER,,,,,,,,6225.3000,NOS,PKR,,,4250,18,0,,,,106132,
IVAR,FOUR SEASON,IVGNTLMNBTNDWNSHRT,IVAR® GENTLEMAN BUTTONDOWN SHIRT,X-LARGE,BURGUNDY BROWN,FOUR SEASON,,,,,,,SUMMER,,,,,,,,6226.3000,NOS,PKR,,,4250,18,0,,,,106131,
IVAR,FOUR SEASON,IVGNTLMNBTNDWNSHRT,IVAR® GENTLEMAN BUTTONDOWN SHIRT,LARGE,BURGUNDY BROWN,FOUR SEASON,,,,,,,SUMMER,,,,,,,,6227.3000,NOS,PKR,,,4250,18,0,,,,106130,
IVAR,FOUR SEASON,IVGNTLMNBTNDWNSHRT,IVAR® GENTLEMAN BUTTONDOWN SHIRT,MEDIUM,BURGUNDY BROWN,FOUR SEASON,,,,,,,SUMMER,,,,,,,,6228.3000,NOS,PKR,,,4250,18,0,,,,106129,
IVAR,FOUR SEASON,IVGNTLMNBTNDWNSHRT,IVAR® GENTLEMAN BUTTONDOWN SHIRT,SMALL,BURGUNDY BROWN,FOUR SEASON,,,,,,,SUMMER,,,,,,,,6229.3000,NOS,PKR,,,4250,18,0,,,,106128,
IVAR,FOUR SEASON,IVGNTLMNBTNDWNSHRT,IVAR® GENTLEMAN BUTTONDOWN SHIRT,XX-LARGE,MILK WHITE,FOUR SEASON,,,,,,,SUMMER,,,,,,,,6230.3000,NOS,PKR,,,4250,18,0,,,,106127,
IVAR,FOUR SEASON,IVGNTLMNBTNDWNSHRT,IVAR® GENTLEMAN BUTTONDOWN SHIRT,X-LARGE,MILK WHITE,FOUR SEASON,,,,,,,SUMMER,,,,,,,,6231.3000,NOS,PKR,,,4250,18,0,,,,106126,
IVAR,FOUR SEASON,IVGNTLMNBTNDWNSHRT,IVAR® GENTLEMAN BUTTONDOWN SHIRT,LARGE,MILK WHITE,FOUR SEASON,,,,,,,SUMMER,,,,,,,,6232.3000,NOS,PKR,,,4250,18,0,,,,106125,
IVAR,FOUR SEASON,IVGNTLMNBTNDWNSHRT,IVAR® GENTLEMAN BUTTONDOWN SHIRT,MEDIUM,MILK WHITE,FOUR SEASON,,,,,,,SUMMER,,,,,,,,6233.3000,NOS,PKR,,,4250,18,0,,,,106124,
IVAR,FOUR SEASON,IVGNTLMNBTNDWNSHRT,IVAR® GENTLEMAN BUTTONDOWN SHIRT,SMALL,MILK WHITE,FOUR SEASON,,,,,,,SUMMER,,,,,,,,6234.3000,NOS,PKR,,,4250,18,0,,,,106123,
IVAR,FOUR SEASON,IVBOTCUTDNM,IVAR® BOOTCUT DENIM,40,BLACK,FOUR SEASON,,,,,,,SUMMER,,,,,,,,6203.4110,NOS,PKR,,,3350,18,0,,,,106121,
IVAR,FOUR SEASON,IVBOTCUTDNM,IVAR® BOOTCUT DENIM,38,BLACK,FOUR SEASON,,,,,,,SUMMER,,,,,,,,6203.4110,NOS,PKR,,,3350,18,0,,,,106120,
IVAR,FOUR SEASON,IVBOTCUTDNM,IVAR® BOOTCUT DENIM,36,BLACK,FOUR SEASON,,,,,,,SUMMER,,,,,,,,6203.4110,NOS,PKR,,,3350,18,0,,,,106119,
IVAR,FOUR SEASON,IVBOTCUTDNM,IVAR® BOOTCUT DENIM,34,BLACK,FOUR SEASON,,,,,,,SUMMER,,,,,,,,6203.4110,NOS,PKR,,,3350,18,0,,,,106118,
IVAR,FOUR SEASON,IVBOTCUTDNM,IVAR® BOOTCUT DENIM,32,BLACK,FOUR SEASON,,,,,,,SUMMER,,,,,,,,6203.4110,NOS,PKR,,,3350,18,0,,,,106117,
IVAR,FOUR SEASON,IVBOTCUTDNM,IVAR® BOOTCUT DENIM,30,BLACK,FOUR SEASON,,,,,,,SUMMER,,,,,,,,6203.4110,NOS,PKR,,,3350,18,0,,,,106116,
IVAR,SUMMER COLLECTION,IVPNTLEFLTKNTPO,IVAR® POINTELLE FLAT KNIT POLO,X-LARGE,SKY,SUMMER COLLECTION,,,,,,,SUMMER,,,,,,,,6105.9000,NOS,PKR,,,3999,18,0,,,,106114,
IVAR,SUMMER COLLECTION,IVPNTLEFLTKNTPO,IVAR® POINTELLE FLAT KNIT POLO,LARGE,SKY,SUMMER COLLECTION,,,,,,,SUMMER,,,,,,,,6106.9000,NOS,PKR,,,3999,18,0,,,,106113,
IVAR,SUMMER COLLECTION,IVPNTLEFLTKNTPO,IVAR® POINTELLE FLAT KNIT POLO,MEDIUM,SKY,SUMMER COLLECTION,,,,,,,SUMMER,,,,,,,,6107.9000,NOS,PKR,,,3999,18,0,,,,106112,
IVAR,SUMMER COLLECTION,IVPNTLEFLTKNTPO,IVAR® POINTELLE FLAT KNIT POLO,SMALL,SKY,SUMMER COLLECTION,,,,,,,SUMMER,,,,,,,,6108.9000,NOS,PKR,,,3999,18,0,,,,106111,
IVAR,SUMMER COLLECTION,IVHRTGECBLKNTPO,IVAR® HERITAGE CABLE KNIT POLO,X-LARGE,NAVY,SUMMER COLLECTION,,,,,,,SUMMER,,,,,,,,6109.9000,NOS,PKR,,,3999,18,0,,,,106110,
IVAR,SUMMER COLLECTION,IVHRTGECBLKNTPO,IVAR® HERITAGE CABLE KNIT POLO,LARGE,NAVY,SUMMER COLLECTION,,,,,,,SUMMER,,,,,,,,6110.9000,NOS,PKR,,,3999,18,0,,,,106109,
IVAR,SUMMER COLLECTION,IVHRTGECBLKNTPO,IVAR® HERITAGE CABLE KNIT POLO,MEDIUM,NAVY,SUMMER COLLECTION,,,,,,,SUMMER,,,,,,,,6111.9000,NOS,PKR,,,3999,18,0,,,,106108,
IVAR,SUMMER COLLECTION,IVHRTGECBLKNTPO,IVAR® HERITAGE CABLE KNIT POLO,SMALL,NAVY,SUMMER COLLECTION,,,,,,,SUMMER,,,,,,,,6112.9000,NOS,PKR,,,3999,18,0,,,,106107,
IVAR,SUMMER COLLECTION,IVCMBDGEFLTKNTPO,IVAR® CAMBRIDGE FLAT KNIT POLO,X-LARGE,NAVY,SUMMER COLLECTION,,,,,,,SUMMER,,,,,,,,6113.9000,NOS,PKR,,,3999,18,0,,,,106106,
IVAR,SUMMER COLLECTION,IVCMBDGEFLTKNTPO,IVAR® CAMBRIDGE FLAT KNIT POLO,LARGE,NAVY,SUMMER COLLECTION,,,,,,,SUMMER,,,,,,,,6114.9000,NOS,PKR,,,3999,18,0,,,,106105,
IVAR,SUMMER COLLECTION,IVCMBDGEFLTKNTPO,IVAR® CAMBRIDGE FLAT KNIT POLO,MEDIUM,NAVY,SUMMER COLLECTION,,,,,,,SUMMER,,,,,,,,6115.9000,NOS,PKR,,,3999,18,0,,,,106104,
IVAR,SUMMER COLLECTION,IVCMBDGEFLTKNTPO,IVAR® CAMBRIDGE FLAT KNIT POLO,SMALL,NAVY,SUMMER COLLECTION,,,,,,,SUMMER,,,,,,,,6116.9000,NOS,PKR,,,3999,18,0,,,,106103,
IVAR,SUMMER COLLECTION,IVCHRNFLTKNTPO,IVAR® CHEVRON FLAT KNIT POLO,X-LARGE,TEAL,SUMMER COLLECTION,,,,,,,SUMMER,,,,,,,,6117.9000,NOS,PKR,,,3999,18,0,,,,106100,
IVAR,SUMMER COLLECTION,IVCHRNFLTKNTPO,IVAR® CHEVRON FLAT KNIT POLO,LARGE,TEAL,SUMMER COLLECTION,,,,,,,SUMMER,,,,,,,,6118.9000,NOS,PKR,,,3999,18,0,,,,106099,
IVAR,SUMMER COLLECTION,IVCHRNFLTKNTPO,IVAR® CHEVRON FLAT KNIT POLO,MEDIUM,TEAL,SUMMER COLLECTION,,,,,,,SUMMER,,,,,,,,6119.9000,NOS,PKR,,,3999,18,0,,,,106098,
IVAR,SUMMER COLLECTION,IVCHRNFLTKNTPO,IVAR® CHEVRON FLAT KNIT POLO,SMALL,TEAL,SUMMER COLLECTION,,,,,,,SUMMER,,,,,,,,6120.9000,NOS,PKR,,,3999,18,0,,,,106097,
